Rooms;Size;Price;Address
4;82 m²;11.600  kr.;Hedehusene, Svanegade
2;73 m²;11.500  kr.;Rødovre, Møllevangen
1;37 m²;8.100  kr.;Frederiksberg, Nordens Plads
1;23 m²;7.300  kr.;Dragør, Rosenlundsvej
3;97 m²;13.200  kr.;Ballerup, Postgrunden
1;45 m²;10.300  kr.;Frederiksberg, Nordens Plads
3;113 m²;16.950  kr.;Bagsværd, Bagsværd Hovedgade
4;123 m²;16.492  kr.;Brønshøj, Frederikssundsvej
1;30 m²;9.500  kr.;Hellerup, Gjørlingsvej
1;33 m²;7.450  kr.;Ballerup, Sømoseparken
6;223 m²;34.900  kr.;København K, Østergade
3;91 m²;15.300  kr.;København S, Njalsgade
4;118 m²;16.500  kr.;Vallensbæk, Gulkløvervænget
2;79 m²;11.500  kr.;Herlev, Herlev Ringvej
3;79 m²;12.700  kr.;Ballerup, Baltorpstræde
2;62 m²;11.000  kr.;Ballerup, Baltorpstræde
1;44 m²;9.900  kr.;Ballerup, Baltorpstræde
4;105 m²;13.990  kr.;Herlev, Lyskær
2;66 m²;10.850  kr.;Herlev, Lyskær
1;10 m²;6.300  kr.;København Ø, Ryparken
2;76 m²;12.200  kr.;Kongens Lyngby, Ulrikkenborg Allé
1;35 m²;9.150  kr.;Frederiksberg C, Svend Trøsts Vej
1;20 m²;6.500  kr.;Valby, Carl Th. Dreyers Vej
4;79 m²;13.800  kr.;Herlev, Hørkær
4;78 m²;14.200  kr.;Herlev, Hørkær
4;101 m²;14.725  kr.;Rødovre, Irmavej
2;80 m²;14.000  kr.;København S, Klaksvigsgade
3;112 m²;18.850  kr.;Frederiksberg, Marguerite Vibys Plads
1;33 m²;10.500  kr.;København V, Dybbølsbro
2;91 m²;14.850  kr.;København S, Poul Hartlings Gade
4;97 m²;14.200  kr.;Søborg, Gyngemose Parkvej
4;97 m²;14.075  kr.;Søborg, Gyngemose Parkvej
2;73 m²;11.400  kr.;Rødovre, Irmavej
4;100 m²;14.990  kr.;Søborg, Rosendal
2;61 m²;10.305  kr.;Ballerup, Fjerkløvervej
2;68 m²;10.492  kr.;Ballerup, Fjerkløvervej
2;64 m²;10.467  kr.;Ballerup, Guldblommevej
2;60 m²;10.038  kr.;Ballerup, Guldblommevej
2;69 m²;14.600  kr.;København S, Amager Strandvej
1;14 m²;5.700  kr.;Valby, Vigerslevvej
1;32 m²;7.734  kr.;København NV, Theklavej
1;16 m²;6.000  kr.;Valby, Vigerslevvej
1;37 m²;7.500  kr.;Frederiksberg, Smallegade
3;87 m²;12.400  kr.;Glostrup, Baneleddet
1;17 m²;5.500  kr.;København N, Skyttegade
4;89 m²;10.900  kr.;Taastrup, Tåstrup Hovedgade
4;97 m²;14.900  kr.;København S, Ørestads Boulevard
4;165 m²;25.163  kr.;Frederiksberg C, Thorvaldsensvej
5;95 m²;17.600  kr.;København S, Gertrude Steins Vej
3;91 m²;15.200  kr.;København S, Ørestads Boulevard
2;49 m²;12.200  kr.;København S, Gertrude Steins Vej
1;12 m²;3.500  kr.;København S, Gyldenrisvej
1;42 m²;11.000  kr.;København S, Birketinget
5;107 m²;14.900  kr.;København V, Stenosgade
5;107 m²;14.900  kr.;København V, Stenosgade
1;69 m²;12.800  kr.;Valby, Valby Langgade
3;251 m²;50.000  kr.;København K, Fredericiagade
2;81 m²;14.500  kr.;København S, Jens Otto Krags Gade
2;62 m²;10.500  kr.;Taastrup, Tommerupgade
2;57 m²;10.000  kr.;Ballerup, Slettebjergvej
5;163 m²;33.279  kr.;København V, Vester Voldgade
2;65 m²;13.000  kr.;København V, Dannebrogsgade
1;36 m²;7.300  kr.;Valby, Torveporten
5;116 m²;15.300  kr.;Brønshøj, Tingbjerg Ås
5;116 m²;15.000  kr.;Brønshøj, Tingbjerg Ås
4;89 m²;13.200  kr.;Brønshøj, Tingbjerg Ås
3;93 m²;12.000  kr.;Brønshøj, Tingbjerg Ås
2;55 m²;9.800  kr.;Brønshøj, Tingbjerg Ås
1;20 m²;6.080  kr.;Gentofte, Jægersborg Alle
1;31 m²;7.600  kr.;Brønshøj, Kobbelvænget
1;33 m²;7.700  kr.;Brønshøj, Kobbelvænget
1;31 m²;7.800  kr.;Brønshøj, Kobbelvænget
2;71 m²;18.000  kr.;Nordhavn, Sundkaj
3;94 m²;17.100  kr.;København SV, Alliancevej
1;36 m²;5.095  kr.;Ballerup, Telegrafvej
1;36 m²;5.095  kr.;Ballerup, Telegrafvej
3;112 m²;17.649  kr.;Charlottenlund, Lindegårdsvej
4;157 m²;37.400  kr.;København S, Islands Brygge
2;65 m²;16.400  kr.;København V, Lagergade
2;54 m²;10.000  kr.;København N, Bregnerødgade
5;126 m²;22.300  kr.;København V, Bag Elefanterne
5;109 m²;22.300  kr.;København V, Bag Elefanterne
3;98 m²;16.900  kr.;København S, Strandlodsvej
1;31 m²;8.200  kr.;Vanløse, Vanløse Allé
1;29 m²;8.200  kr.;Valby, Poul Bundgaards Vej
1;32 m²;8.150  kr.;Valby, Gammel Køge Landevej
1;31 m²;8.400  kr.;Frederiksberg, Finsensvej
2;51 m²;11.600  kr.;Brønshøj, Gadelandet
1;44 m²;9.950  kr.;København S, Ved Amagerbanen
3;90 m²;12.463  kr.;Brønshøj, Frederikssundsvej
4;90 m²;12.150  kr.;Brøndby, Kirkebjerg Parkvej
1;37 m²;8.895  kr.;Frederiksberg, Nordre Fasanvej
1;37 m²;8.895  kr.;Frederiksberg, Nordre Fasanvej
3;86 m²;12.500  kr.;Hedehusene, Svanegade
7;200 m²;28.000  kr.;Holte, Fyrresvinget
3;87 m²;14.500  kr.;København S, Else Alfelts Vej
1;7 m²;3.200  kr.;Vanløse, Skjulhøj Allé
3;77 m²;14.700  kr.;København S, Else Alfelts Vej
3;105 m²;18.500  kr.;København S, Else Alfelts Vej
4;104 m²;16.300  kr.;København S, Else Alfelts Vej
2;57 m²;9.450  kr.;Kongens Lyngby, Johan Wilmanns Vej
2;50 m²;12.000  kr.;Frederiksberg, Preben Kaas' Vænge
2;50 m²;12.000  kr.;Frederiksberg, Preben Kaas' Vænge
1;44 m²;5.500  kr.;Søborg, Høje Gladsaxe
4;94 m²;11.800  kr.;Hedehusene, Cikoriegade
4;91 m²;11.700  kr.;Hedehusene, Cikoriegade
4;91 m²;11.700  kr.;Hedehusene, Cikoriegade
2;50 m²;5.700  kr.;København N, Fælledvej
3;79 m²;11.000  kr.;Hedehusene, Blåfuglestræde
2;69 m²;16.500  kr.;København V, Fadet
3;82 m²;11.200  kr.;Hedehusene, Blåfuglestræde
6;138 m²;24.500  kr.;København S, Lindgreens Allé
2;55 m²;13.400  kr.;København S, Emma Gads Vej
1;55 m²;9.100  kr.;København SV, Støberigade
3;74 m²;10.600  kr.;Hedehusene, Cikoriegade
3;78 m²;10.600  kr.;Hedehusene, Cikoriegade
3;83 m²;11.200  kr.;Hedehusene, Cikoriegade
1;36 m²;7.950  kr.;København SV, Poppelstykket
2;55 m²;9.300  kr.;Hedehusene, Cikoriegade
2;53 m²;9.200  kr.;Hedehusene, Cikoriegade
4;87 m²;12.200  kr.;København K, Gammeltorv
2;68 m²;13.800  kr.;København S, Emma Gads Vej
3;84 m²;15.600  kr.;Valby, Elstarvej
4;105 m²;18.000  kr.;København V, Eskildsgade
1;37 m²;8.700  kr.;København NV, Lærkevej
1;40 m²;10.000  kr.;København NV, Lærkevej
2;67 m²;12.850  kr.;København S, Else Alfelts Vej
4;95 m²;18.250  kr.;København S, Strandlodsvej
3;105 m²;15.450  kr.;København S, Strandlodsvej
4;98 m²;18.550  kr.;København S, Strandlodsvej
3;76 m²;13.050  kr.;Skovlunde, Bybuen
4;101 m²;14.650  kr.;Skovlunde, Bybuen
3;62 m²;12.250  kr.;Skovlunde, Bybuen
3;86 m²;12.250  kr.;Hedehusene, Skinnestræde
5;126 m²;17.850  kr.;København S, Richard Mortensens Vej
2;59 m²;10.250  kr.;Hedehusene, Skinnestræde
5;113 m²;17.450  kr.;København S, Richard Mortensens Vej
2;64 m²;10.400  kr.;Hedehusene, Skinnestræde
2;59 m²;10.350  kr.;Hedehusene, Skolebakken
3;86 m²;12.250  kr.;Hedehusene, Skinnestræde
2;77 m²;12.800  kr.;København S, Hannemanns Allé
3;85 m²;11.500  kr.;Hedehusene, Havtornvej
1;49 m²;10.037  kr.;København N, Bjelkes Allé
1;38 m²;7.400  kr.;Valby, Følager
1;31 m²;7.800  kr.;Brønshøj, Kobbelvænget
1;35 m²;7.800  kr.;Brønshøj, Kobbelvænget
3;79 m²;15.500  kr.;Valby, Elstarvej
3;70 m²;14.000  kr.;København S, Else Alfelts Vej
3;85 m²;16.200  kr.;Bagsværd, Bagsværd Hovedgade
3;71 m²;13.625  kr.;København S, Robert Jacobsens Vej
2;61 m²;12.000  kr.;Frederiksberg, Borups Alle
2;69 m²;12.000  kr.;Frederiksberg, Bjarkesvej
1;31 m²;7.250  kr.;Søborg, Gyngemose Parkvej
4;119 m²;27.500  kr.;Herlev, Obovej
4;102 m²;16.550  kr.;København S, Richard Mortensens Vej
2;65 m²;12.900  kr.;København S, Richard Mortensens Vej
5;134 m²;20.800  kr.;København S, Strandlodsvej
3;88 m²;15.550  kr.;København S, Strandlodsvej
2;58 m²;12.850  kr.;København S, Gertrude Steins Vej
4;95 m²;16.250  kr.;København S, C.F. Møllers Allé
3;66 m²;14.350  kr.;København S, Gertrude Steins Vej
4;93 m²;16.350  kr.;København S, Nadine Gordimers Vej
1;40 m²;8.750  kr.;København SV, Poppelstykket
1;36 m²;8.500  kr.;København SV, Poppelstykket
1;37 m²;8.550  kr.;København SV, Poppelstykket
4;104 m²;16.150  kr.;København S, C.F. Møllers Allé
2;53 m²;12.750  kr.;København S, Gertrude Steins Vej
2;66 m²;15.300  kr.;København SV, Havneholmen
4;85 m²;12.900  kr.;Glostrup, Grannålen
4;116 m²;17.500  kr.;København SV, Poppelstykket
2;63 m²;9.500  kr.;Valby, Valborg Allé
3;102 m²;25.795  kr.;København K, Nytorv
2;58 m²;9.425  kr.;Hedehusene, Cikoriegade
3;88 m²;17.000  kr.;Frederiksberg, Aksel Møllers Have
1;10 m²;4.500  kr.;København V, Vesterbrogade
2;78 m²;10.650  kr.;Taastrup, Lindehaven
3;100 m²;12.650  kr.;Taastrup, Lindehaven
5;193 m²;27.298  kr.;København Ø, Kanslergade
3;125 m²;25.000  kr.;Kongens Lyngby, Solvænget
3;79 m²;11.400  kr.;Taastrup, Falsterbogade
1;49 m²;10.300  kr.;Frederiksberg, Nordens Plads
4;123 m²;28.500  kr.;København Ø, Scherfigsvej
3;119 m²;26.800  kr.;København Ø, Scherfigsvej
3;118 m²;25.500  kr.;København Ø, Scherfigsvej
4;123 m²;27.500  kr.;København Ø, Scherfigsvej
1;46 m²;9.000  kr.;Søborg, Tinghøjvej
2;83 m²;18.000  kr.;København V, Lagergade
1;19 m²;5.900  kr.;København V, Asger Rygs Gade
3;84 m²;15.728  kr.;København S, Axel Heides Gade
3;74 m²;18.500  kr.;Hvidovre, Hvidovrevej
3;98 m²;15.900  kr.;Værløse, Birkevang
2;88 m²;19.500  kr.;København K, Toldbodgade
2;63 m²;10.300  kr.;Taastrup, Skanørgade
3;73 m²;11.900  kr.;Taastrup, Skjeberg Allé
3;148 m²;21.800  kr.;København K, Løvstræde
2;85 m²;15.300  kr.;København K, Nygade
4;97 m²;14.950  kr.;Rødovre, Else Sørensens Vej
2;57 m²;8.850  kr.;København N, Stefansgade
3;71 m²;11.500  kr.;Kongens Lyngby, Lystoftevej
4;151 m²;19.500  kr.;Rødovre, Nørregårdsbakken
2;53 m²;13.200  kr.;København S, Ørestads Boulevard
4;98 m²;17.250  kr.;København S, Ørestads Boulevard
3;73 m²;13.992  kr.;København S, Else Alfelts Vej
3;83 m²;15.000  kr.;København N, Blegdamsvej
3;103 m²;21.500  kr.;København K, Nikolaj Plads
2;64 m²;12.800  kr.;København S, Else Alfelts Vej
3;121 m²;19.250  kr.;København K, Nytorv
3;102 m²;18.300  kr.;København K, Nygade
4;103 m²;15.200  kr.;Hvidovre, Kløverprisvej
1;19 m²;11.168  kr.;København V, Anker Heegaards Gade
2;51 m²;12.500  kr.;Kastrup, Helmer Søgårds Alle
3;76 m²;12.700  kr.;Herlev, Hørkær
4;102 m²;14.400  kr.;Herlev, Hørkær
3;84 m²;14.500  kr.;København S, Ved Amagerbanen
5;127 m²;15.981  kr.;Albertslund, Lækrogen
6;249 m²;32.764  kr.;København Ø, Kastelsvej
1;36 m²;7.300  kr.;Valby, Torveporten
2;68 m²;12.950  kr.;Valby, Paradisæblevej
3;86 m²;14.000  kr.;Valby, Ingrid Marievej
7;204 m²;30.600  kr.;Frederiksberg C, Nyvej
2;77 m²;13.200  kr.;København NV, Stærevej
1;30 m²;7.000  kr.;København K, Vendersgade
4;92 m²;13.500  kr.;Albertslund, Lækrogen
2;74 m²;10.333  kr.;Brøndby, Kirkebjerg Parkvej
2;54 m²;11.200  kr.;Herlev, Hørkær
4;105 m²;12.747,42  kr.;Taastrup, Jens Kofoeds Gade
3;88 m²;17.000  kr.;København SV, Havneholmen
3;91 m²;17.000  kr.;København SV, Havneholmen
2;77 m²;11.100  kr.;Brøndby, Wattvej
4;98 m²;13.500  kr.;Glostrup, Baneleddet
2;68 m²;10.700  kr.;Glostrup, Baneleddet
2;60 m²;10.800  kr.;Glostrup, Baneleddet
100;100 m²;16.700  kr.;København K, Nikolaj Plads
3;50 m²;13.000  kr.;København NV, Theklavej
1;20 m²;8.947  kr.;København V, Vester farimagsgade
2;56 m²;8.500  kr.;Albertslund, Rådhusdammen
1;12 m²;3.550  kr.;København N, Brohusgade
2;78 m²;12.050  kr.;Søborg, Gyngemose Parkvej
3;96 m²;16.000  kr.;Rødovre, Blomsterstræde
2;63 m²;10.800  kr.;Brøndby, Kirkebjerg Søpark
4;104 m²;14.800  kr.;Brøndby, Elementfabrikken
3;88 m²;14.100  kr.;Rødovre, Gunnekær
3;73 m²;12.900  kr.;Rødovre, Gunnekær
5;154 m²;23.400  kr.;Valby, Carl Jacobsens Vej
1;18 m²;10.750  kr.;København Ø, Nordre Frihavnsgade
3;83 m²;18.500  kr.;Hellerup, Lille Strandvej
3;64 m²;13.400  kr.;København S, Lyneborggade
2;72 m²;12.700  kr.;Hvidovre, Snedkerhaven
4;115 m²;14.500  kr.;Ballerup, Rolighedsvej
5;263 m²;50.900  kr.;København Ø, Stavangergade
1;41 m²;8.450  kr.;København NV, Dortheavej
1;41 m²;8.450  kr.;København NV, Dortheavej
7;182 m²;36.900  kr.;Virum, Tværvej
3;98 m²;15.350  kr.;Valby, Taffelæblevej
1;35 m²;7.300  kr.;Valby, Torveporten
1;36 m²;7.350  kr.;Valby, Torveporten
4;110 m²;16.500  kr.;Valby, Løgæblevej
4;88 m²;14.900  kr.;Valby, Elstarvej
2;161 m²;25.000  kr.;Skodsborg, Skodsborg Strandvej
4;110 m²;16.500  kr.;København S, Richard Mortensens Vej
4;117 m²;18.000  kr.;Frederiksberg C, Carit Etlars Vej
2;66 m²;11.665  kr.;København S, Robert Jacobsens Vej
4;113 m²;15.763  kr.;København S, Robert Jacobsens Vej
4;105 m²;14.613  kr.;København S, Robert Jacobsens Vej
2;59 m²;10.412  kr.;København S, Richard Mortensens Vej
2;73 m²;14.995  kr.;København S, Amager Strandvej
3;73 m²;13.600  kr.;København Ø, Hildursgade
3;108 m²;19.000  kr.;København Ø, Holsteinsgade
1;12 m²;5.500  kr.;Brønshøj, Husumvej
4;106 m²;21.100  kr.;København V, Lagergade
1;24 m²;5.000  kr.;København V, Vesterbrogade
4;100 m²;15.100  kr.;København S, Hannemanns Allé
4;102 m²;16.400  kr.;København SV, Pladehals Allé
2;65 m²;13.328  kr.;København S, Artillerivej
3;95 m²;16.428  kr.;København S, Poul Hartlings Gade
1;24 m²;8.333  kr.;København K, Wildersgade
1;15 m²;4.000  kr.;Ishøj, Murergården
3;159 m²;19.800  kr.;København K, Tordenskjoldsgade
2;63 m²;11.950  kr.;Frederiksberg, Bernhard Bangs Alle
2;85 m²;12.500  kr.;København S, Oxford Allé
4;92 m²;13.250  kr.;Vallensbæk Strand, Torbenfeldvej
3;87 m²;13.500  kr.;Taastrup, Skjeberg Allé
4;108 m²;14.300  kr.;Vallensbæk Strand, Torbenfeldvej
4;105 m²;13.900  kr.;Vallensbæk Strand, Torbenfeldvej
2;76 m²;13.900  kr.;København S, Michael Strunges Vej
1;29 m²;7.500,09  kr.;Frederiksberg C, Bülowsvej
2;64 m²;10.500  kr.;Hedehusene, Skolebakken
3;86 m²;11.350  kr.;Hedehusene, Urtehaven
4;88 m²;13.000  kr.;Herlev, Vasekær
1;65 m²;11.600  kr.;Herlev, Hørkær
4;142 m²;17.975  kr.;København S, Asger Jorns Allé
3;98 m²;16.995  kr.;København SV, Ben Websters Vej
4;92 m²;13.750  kr.;Hedehusene, Havtornvej
1;31 m²;8.600  kr.;København Ø, Stadens Vænge
2;43 m²;10.350  kr.;København SV, Poppelstykket
1;34 m²;9.550  kr.;København SV, Henriette Crones Gade
1;31 m²;9.350  kr.;København SV, Henriette Crones Gade
1;31 m²;9.150  kr.;København SV, Henriette Crones Gade
1;31 m²;9.150  kr.;København SV, Henriette Crones Gade
2;50 m²;9.000  kr.;Bagsværd, Bagsværd Hovedgade
1;31 m²;8.500  kr.;København SV, Viola Nørløvs Gade
1;31 m²;8.700  kr.;København SV, Viola Nørløvs Gade
1;31 m²;8.500  kr.;København SV, Viola Nørløvs Gade
1;31 m²;9.550  kr.;København SV, Henriette Crones Gade
1;31 m²;9.250  kr.;København SV, Henriette Crones Gade
5;133 m²;19.000  kr.;København S, Else Alfelts Vej
4;97 m²;13.000  kr.;Taastrup, Tommerupgade
3;91 m²;12.600  kr.;Taastrup, Rønnebygade
3;81 m²;14.500  kr.;København S, Else Alfelts Vej
3;73 m²;11.000  kr.;Hedehusene, Sporstræde
3;89 m²;12.500  kr.;Taastrup, Parkstrøget
4;95 m²;14.990  kr.;Søborg, Rosendal
1;33 m²;10.300  kr.;København V, Dybbølsbro
1;33 m²;11.000  kr.;København V, Dybbølsbro
1;33 m²;11.200  kr.;København V, Dybbølsbro
2;53 m²;15.500  kr.;København V, Dybbølsbro
1;33 m²;10.500  kr.;København V, Dybbølsbro
1;33 m²;11.200  kr.;København V, Dybbølsbro
1;33 m²;10.400  kr.;København V, Dybbølsbro
1;33 m²;10.500  kr.;København V, Dybbølsbro
1;33 m²;10.200  kr.;København V, Dybbølsbro
1;32 m²;10.900  kr.;København K, Store Kongensgade
3;92 m²;14.850  kr.;København S, Lindgreens Allé
4;152 m²;30.000  kr.;Frederiksberg C, Boyesgade
2;62 m²;14.000  kr.;København V, Enghavevej
3;102 m²;13.090  kr.;Vallensbæk Strand, Rosenfeldtvej
2;52 m²;16.500  kr.;København V, Thorvald Bindesbølls Plads
3;73 m²;11.500  kr.;Brøndby, Amperestien
4;102 m²;14.300  kr.;Herlev, Hørkær
3;87 m²;13.300  kr.;Herlev, Hørkær
4;117 m²;14.900  kr.;Vallensbæk Strand, Amalieparken
3;99 m²;13.600  kr.;Vallensbæk Strand, Amalieparken
3;77 m²;12.695  kr.;Rødovre, Gunnekær
3;135 m²;24.000  kr.;København S, Islands Brygge
2;74 m²;11.000  kr.;København NV, Frederikssundsvej
2;106 m²;23.000  kr.;Frederiksberg C, Gammel Kongevej
4;99 m²;16.900  kr.;København K, Margretheholmsvej
4;153 m²;21.500  kr.;København S, Njalsgade
3;56 m²;14.400  kr.;København V, Olivia Hansens Gade
4;125 m²;18.500  kr.;København S, Vejlands Alle
2;70 m²;11.800  kr.;København S, Vejlands Alle
2;66 m²;11.200  kr.;København S, Vejlands Alle
4;105 m²;16.700  kr.;København S, Vejlands Alle
4;128 m²;17.100  kr.;København S, Vejlands Alle
4;108 m²;16.900  kr.;København S, Vejlands Alle
3;88 m²;13.900  kr.;København S, Vejlands Alle
4;105 m²;16.700  kr.;København S, Vejlands Alle
4;125 m²;18.500  kr.;København S, Vejlands Alle
1;14 m²;6.500  kr.;København N, Fyensgade
3;93 m²;13.995  kr.;Vanløse, Indertoften
2;76 m²;14.495  kr.;København SV, Teglholmsgade
3;89 m²;16.495  kr.;København SV, Teglholmsgade
4;113 m²;13.950  kr.;Brøndby, Voltvej
4;114 m²;16.175  kr.;København S, Oliebladsgade
3;107 m²;16.950  kr.;København S, Artillerivej
3;74 m²;11.563  kr.;Vanløse, Ålekistevej
1;35 m²;8.800  kr.;København NV, Lærkevej
1;35 m²;8.900  kr.;København NV, Lærkevej
2;62 m²;7.748  kr.;Brønshøj, Tølløsevej
2;87 m²;12.450  kr.;Hvidovre, Gammel Køge Landevej
2;72 m²;12.700  kr.;København S, C.F. Møllers Allé
4;110 m²;13.000  kr.;Taastrup, Frederiksholmsvej
4;115 m²;14.600  kr.;København NV, Tomsgårdsvej
1;14 m²;4.600  kr.;København Ø, Landskronagade
2;56 m²;12.900  kr.;København S, Dea Trier Mørchs Vej
5;123 m²;19.500  kr.;Valby, Belle de Boskoopvej
1;10 m²;7.800  kr.;København S, Ørestads Boulevard
2;79 m²;14.300  kr.;København S, Weidekampsgade
3;85 m²;12.600  kr.;Glostrup, Grankoglen
4;112 m²;15.000  kr.;Frederiksberg, Falkoner Alle
1;28 m²;6.150  kr.;København K, Luftmarinegade
2;63 m²;9.450  kr.;Kongens Lyngby, Agnetevej
3;90 m²;17.500  kr.;København S, Njalsgade
3;79 m²;14.500  kr.;København S, Ejler Billes Allé
2;48 m²;10.000  kr.;Kongens Lyngby, Eremitageparken
3;84 m²;15.750  kr.;Valby, Valby Maskinfabriksvej
3;74 m²;15.500  kr.;Valby, Montagehalsvej
2;56 m²;11.000  kr.;København N, Baldersgade
1;30 m²;9.500  kr.;København S, Majporten
1;7 m²;2.700  kr.;Herlev, Sønderlundvej
4;87 m²;12.900  kr.;Glostrup, Murervangen
2;60 m²;7.000  kr.;Valby, Grønnehave Allé
3;86 m²;12.800  kr.;Glostrup, Murervangen
4;96 m²;13.768  kr.;Brøndby, Elektronikvej
2;48 m²;9.100  kr.;København Ø, Borgervænget
1;8 m²;3.500  kr.;Herlev, Havnsøvej
3;89 m²;12.500  kr.;Frederiksberg, Dalgas Have
1;18 m²;6.500  kr.;København V, Freundsgade
2;63 m²;13.493  kr.;København S, Amager Strandvej
2;79 m²;14.497  kr.;København S, Amager Strandvej
2;73 m²;14.250  kr.;København V, Matthæusgade
4;98 m²;14.537  kr.;Gentofte, Smakkegårdsvej
2;54 m²;9.750  kr.;Søborg, Tolstojs Alle
1;12 m²;4.500  kr.;Albertslund, Havrens Kvt
1;23 m²;5.500  kr.;København S, Ulrik Birchs Allé
1;19 m²;5.300  kr.;Søborg, Onsbjerg Alle
7;200 m²;22.000  kr.;Valby, Valby Langgade
2;55 m²;11.995  kr.;København S, Cumberlandsgade
1;12 m²;7.100  kr.;København V, Reventlowsgade
1;20 m²;8.000  kr.;Frederiksberg C, Sankt Nikolaj Vej
6;103 m²;17.000  kr.;Rødovre, Skærbækvej
2;50 m²;6.800  kr.;København S, Tycho Brahes Allé
1;11 m²;7.500  kr.;Frederiksberg C, Henrik Ibsens Vej
1;14 m²;5.000  kr.;København V, Skjalm Hvides Gade
1;12 m²;4.973  kr.;København NV, Tranevej
1;27 m²;5.800  kr.;Brøndby, Brøndbyøster Boulevard
1;20 m²;5.000  kr.;Virum, Brovænget
1;20 m²;6.000  kr.;Charlottenlund, Hartmannsvej
2;65 m²;16.500  kr.;Valby, Valby Langgade
4;110 m²;17.900  kr.;Brønshøj, Frederikssundsvej
1;31 m²;7.556  kr.;Hvidovre, Gammel Køge Landevej
3;74 m²;13.900  kr.;Dragør, Poppelvej
1;12 m²;4.500  kr.;Frederiksberg, Grøndalsvej
2;64 m²;17.500  kr.;København S, Ved Amagerbanen
1;28 m²;6.800  kr.;Søborg, Runebergs Alle
1;50 m²;11.500  kr.;København Ø, Silkeborggade
2;66 m²;10.500  kr.;Hedehusene, Dræsinen
2;43 m²;11.500  kr.;København N, Tagensvej
2;48 m²;11.600  kr.;København N, Tagensvej
2;48 m²;11.600  kr.;København N, Tagensvej
4;110 m²;15.000  kr.;Smørum, Kong Haralds Park
1;23 m²;6.200  kr.;Bagsværd, Bagsværd Hovedgade
1;34 m²;8.950  kr.;København S, Englandsvej
2;61 m²;13.750  kr.;København S, Michael Strunges Vej
3;60 m²;9.000  kr.;Gentofte, Skjoldagervej
3;89 m²;15.700  kr.;København SV, Pladehals Allé
3;130 m²;25.500  kr.;København K, Frederiksborggade
1;15 m²;5.500  kr.;København Ø, Viborggade
4;100 m²;16.150  kr.;København S, Richard Mortensens Vej
3;154 m²;24.000  kr.;København S, Øresund Parkvej
4;104 m²;12.650  kr.;Hedehusene, Havtornvej
3;91 m²;17.900  kr.;København S, C.F. Møllers Allé
3;96 m²;15.200  kr.;København S, Else Alfelts Vej
1;36 m²;8.300  kr.;Vanløse, Katrinedalsvej
4;104 m²;15.300  kr.;København S, Else Alfelts Vej
3;61 m²;11.750  kr.;København NV, Mågevej
4;109 m²;14.700  kr.;Rødovre, Møllevangen
1;26 m²;7.600  kr.;Frederiksberg, C.F. Richs Vej
1;28 m²;7.900  kr.;Frederiksberg, C.F. Richs Vej
2;31 m²;10.300  kr.;Frederiksberg, C.F. Richs Vej
1;23 m²;7.300  kr.;Frederiksberg, C.F. Richs Vej
1;26 m²;7.600  kr.;Frederiksberg, C.F. Richs Vej
1;38 m²;7.400  kr.;Valby, Følager
3;98 m²;13.600  kr.;Vallensbæk Strand, Margrethevænget
3;73 m²;12.495  kr.;Rødovre, Else Sørensens Vej
2;74 m²;12.200  kr.;Rødovre, Rødovre Port
1;39 m²;8.300  kr.;Rødovre, Rødovre Port
2;57 m²;11.200  kr.;Herlev, Vasekær
5;119 m²;15.600  kr.;Herlev, Vasekær
3;76 m²;13.300  kr.;Herlev, Hørkær
1;36 m²;9.000  kr.;Valby, Gammel Køge Landevej
1;30 m²;8.450  kr.;Valby, Gammel Køge Landevej
2;101 m²;23.500  kr.;København Ø, Nordre Frihavnsgade
4;110 m²;17.500  kr.;Brønshøj, Frederikssundsvej
5;107 m²;17.800  kr.;København S, Richard Mortensens Vej
4;120 m²;16.850  kr.;Hvidovre, Langkildevej,
2;70 m²;10.600  kr.;Hedehusene, Svanegade
2;65 m²;13.000  kr.;København S, Hveensvej
2;75 m²;12.200  kr.;København SV, Teglholm Tværvej
4;102 m²;14.300  kr.;Herlev, Hørkær
2;65 m²;11.700  kr.;Herlev, Hørkær
4;103 m²;12.500  kr.;Hedehusene, Svanegade
3;71 m²;11.700  kr.;Glostrup, Malervangen
3;62 m²;11.900  kr.;Rødovre, Rødovre Port
1;20 m²;16.000  kr.;København S, Edvard Thomsens Vej
4;155 m²;22.950  kr.;København Ø, Omøgade
1;11 m²;9.535  kr.;København SV, Teglholmsgade
1;25 m²;5.000  kr.;København SV, Beethovensvej
3;160 m²;30.000  kr.;Klampenborg, Strandvejen
1;20 m²;6.000  kr.;København N, Nørrebrogade
2;62 m²;12.500  kr.;Valby, Vigerslevvej
1;15 m²;7.157  kr.;København K, Valkendorfsgade
1;16 m²;5.000  kr.;Valby, Vigerslevvej
2;75 m²;14.000  kr.;Valby, Rasmus Rasks Vej
1;22 m²;8.100  kr.;København S, Ejler Billes Allé
1;19 m²;6.250  kr.;København V, Eskildsgade
1;23 m²;8.500  kr.;København SV, Johan Kellers Vej
4;116 m²;23.700  kr.;Frederiksberg, Bernhard Bangs Alle
1;21 m²;5.700  kr.;Charlottenlund, Fredensvej
4;117 m²;17.400  kr.;Søborg, Søborg Hovedgade
3;94 m²;12.700  kr.;Herlev, Engløbet
1;38 m²;8.700  kr.;Glostrup, Nørre Allé
3;94 m²;14.800  kr.;Gentofte, Ellegårdsvej
3;85 m²;14.900  kr.;Bagsværd, Skovbrynet
4;150 m²;25.995  kr.;København K, Pilestræde
5;138 m²;16.900  kr.;Brøndby, Park Allé
5;138 m²;16.900  kr.;Brøndby, Park Allé
6;156 m²;17.800  kr.;Brøndby, Park Allé
3;80 m²;17.500  kr.;København V, Valdemarsgade
3;123 m²;24.000  kr.;København Ø, Amerika Plads
5;136 m²;16.800  kr.;Brøndby, Park Allé
5;150 m²;17.400  kr.;Brøndby, Park Allé
3;98 m²;19.250  kr.;København SV, Ben Websters Vej
1;8 m²;5.777  kr.;København S, Ørestads Boulevard
2;66 m²;14.685  kr.;København S, Amager Strandvej
1;34 m²;6.600  kr.;København SV, Støberigade
1;34 m²;6.600  kr.;København SV, Støberigade
2;58 m²;10.500  kr.;Valby, Folehaven
3;105 m²;17.900  kr.;København SV, Nordre Teglkaj
1;13 m²;3.000  kr.;Charlottenlund, Brannersvej
4;145 m²;19.333  kr.;København V, Vesterbrogade
3;85 m²;19.500  kr.;Hellerup, Jomsborgvej
1;59 m²;15.900  kr.;København K, Ny Kongensgade
1;30 m²;6.000  kr.;København K, Vimmelskaftet
1;32 m²;6.500  kr.;Kongens Lyngby, Trongårdsvej
4;124 m²;22.000  kr.;Hellerup, Kildegårdsvej
4;119 m²;32.000  kr.;Frederiksberg, C. F. Richs vej
3;86 m²;14.800  kr.;Frederiksberg, A.D. Jørgensens Vej
3;139 m²;20.900  kr.;København K, Skindergade
3;67 m²;12.700  kr.;København S, Ørestads Boulevard
6;106 m²;16.000  kr.;Hedehusene, Kongelysvej
2;77 m²;13.900  kr.;Valby, Trekronergade
3;108 m²;13.000  kr.;Brønshøj, Torbenfeldtvej
1;14 m²;5.500  kr.;Brønshøj, Brønshøjvej
5;82 m²;19.900  kr.;Klampenborg, Taarbæk Strandvej
3;83 m²;16.300  kr.;Frederiksberg C, Fuglevangsvej
2;49 m²;8.746  kr.;Albertslund, Topperne
1;35 m²;8.000  kr.;Kongens Lyngby, Gyldendalsvej
1;31 m²;7.481  kr.;Hvidovre, Gammel Køge Landevej
1;35 m²;8.250  kr.;København SV, Poppelstykket
2;69 m²;13.000  kr.;København S, Richard Mortensens Vej
3;90 m²;18.000  kr.;København SV, A.C. Meyers Vænge
2;63 m²;15.282  kr.;København Ø, Jagtvej
2;68 m²;11.250  kr.;København Ø, Lyngbyvej
4;105 m²;15.300  kr.;København S, Else Alfelts Vej
3;80 m²;11.732  kr.;Ballerup, Fjerkløvervej
3;80 m²;13.100  kr.;Rødovre, Højnæsvej
1;20 m²;7.500  kr.;København Ø, Nygårdsvej
2;62 m²;13.500  kr.;Hellerup, Esthersvej
2;64 m²;10.800  kr.;Brøndby, Kirkebjerg Søpark
5;123 m²;6.500  kr.;København V, Constantin Hansens Gade
1;49 m²;10.300  kr.;Frederiksberg, Nordens Plads
3;95 m²;12.300  kr.;Vallensbæk Strand, Delta Park
2;103 m²;10.000  kr.;Valby, Tjørnelunds Allé
1;35 m²;9.500  kr.;København NV, Peter Ipsens Allé
2;91 m²;14.500  kr.;København NV, Frederiksborgvej
3;170 m²;25.000  kr.;København S, Robert Jacobsens Vej
4;104 m²;16.000  kr.;Virum, Geelskovparken
4;107 m²;14.500  kr.;Herlev, Hørkær
3;83 m²;9.214,83  kr.;Herlev, Herlev Hovedgade
1;18 m²;5.500  kr.;København V, Vesterbrogade
3;80 m²;12.745  kr.;Ballerup, Banegårdspladsen
3;86 m²;14.600  kr.;København S, C.F. Møllers Allé
4;108 m²;15.000  kr.;København S, Halldór Laxness Vej
5;120 m²;16.795  kr.;København S, Else Alfelts Vej
1;18 m²;4.500  kr.;Søborg, Gladsaxevej
2;60 m²;8.250  kr.;Nærum, Lendemosevej
1;23 m²;7.300  kr.;Frederiksberg, C.F. Richs Vej
1;39 m²;8.295  kr.;Vanløse, Godthåbsvej
5;150 m²;22.000  kr.;Frederiksberg C, Åboulevard
4;89 m²;12.800  kr.;Taastrup, Rønnebygade
2;83 m²;10.900  kr.;Hedehusene, Sporstræde
4;95 m²;13.400  kr.;Taastrup, Rønnebygade
2;75 m²;10.600  kr.;Taastrup, Skjeberg Allé
4;140 m²;19.500  kr.;København S, Martha Christensens Vej
6;183 m²;29.900  kr.;København K, Vendersgade
1;23 m²;9.968  kr.;København K, Refshalevej
4;101 m²;18.800  kr.;København SV, A.C. Meyers Vænge
2;67 m²;14.100  kr.;København SV, A.C. Meyers Vænge
2;43 m²;8.000  kr.;Dragør, E C Hammersvej
4;110 m²;18.300  kr.;Valby, Elstarvej
3;102 m²;16.950  kr.;Valby, Valby Langgade
4;92 m²;15.495  kr.;København S, Hannemanns Allé
1;39 m²;4.644  kr.;Ballerup, Sømoseparken
5;219 m²;29.000  kr.;Charlottenlund, Rådhusvej
5;193 m²;29.500  kr.;Frederiksberg C, Gammel Kongevej
3;79 m²;13.100  kr.;København S, Else Alfelts Vej
2;49 m²;9.700  kr.;Hedehusene, Skolebakken
2;64 m²;10.614  kr.;Ballerup, Guldblommevej
2;60 m²;10.191  kr.;Ballerup, Guldblommevej
3;115 m²;17.700  kr.;Valby, Valby Langgade
4;147 m²;21.900  kr.;Valby, Valby Langgade
3;110 m²;17.600  kr.;Valby, Valby Langgade
3;97 m²;16.400  kr.;Valby, Valby Langgade
3;90 m²;17.000  kr.;Frederiksberg, Howitzvej
3;98 m²;16.400  kr.;Valby, Valby Langgade
3;80 m²;15.000  kr.;Valby, Valby Langgade
1;32 m²;3.843  kr.;Ballerup, Sømoseparken
2;68 m²;10.200  kr.;Taastrup, Tommerupgade
3;79 m²;11.000  kr.;Taastrup, Falsterbogade
4;117 m²;14.750  kr.;Vallensbæk Strand, Amalieparken
1;37 m²;8.600  kr.;Frederiksberg, Nordens Plads
3;94 m²;18.900  kr.;København V, Flaskehalsen
3;69 m²;14.400  kr.;København S, Michael Strunges Vej
3;112 m²;16.400  kr.;Virum, Hummeltoftevej
2;67 m²;11.300  kr.;Vallensbæk Strand, Carolinehaven
2;48 m²;9.000  kr.;København N, Møllegade
2;92 m²;16.500  kr.;København S, Edvard Thomsens Vej
3;86 m²;12.100  kr.;Skovlunde, Skovlunde Torv
3;118 m²;15.550  kr.;Rødovre, Irmavej
2;54 m²;12.500  kr.;København S, C. F. Møllers Allé
5;136 m²;23.000  kr.;Rødovre, Nørregårdsbakken
4;93 m²;14.400  kr.;Herlev, Hørkær
3;64 m²;14.093  kr.;København S, Njalsgade
2;73 m²;12.432  kr.;København S, Robert Jacobsens Vej
3;98 m²;14.500  kr.;København S, Halldór Laxness Vej
4;98 m²;14.500  kr.;Herlev, Hørkær
4;93 m²;14.100  kr.;Herlev, Hørkær
2;78 m²;16.400  kr.;København N, Nørre Sideallé
4;87 m²;18.100  kr.;København Ø, Stockholmsgade
2;53 m²;14.990  kr.;Frederiksberg C, Frederiksberg Alle
4;90 m²;14.100  kr.;Herlev, Hørkær
4;117 m²;15.750  kr.;Vallensbæk Strand, Margrethevænget
3;129 m²;23.300  kr.;København V, Puggaardsgade
2;54 m²;11.495  kr.;København S, Richard Mortensens Vej
1;48 m²;11.900  kr.;København S, Strandlodsvej
2;58 m²;10.000  kr.;Hedehusene, Stendraget
1;41 m²;7.450  kr.;Søborg, Gyngemose Parkvej
3;57 m²;7.631  kr.;Vedbæk, Trørød Kollegiet
2;57 m²;10.400  kr.;Søborg, Gyngemose Parkvej
3;89 m²;14.200  kr.;Rødovre, Aage Knudsens Strøg
1;42 m²;10.400  kr.;København S, Irlandsvej
4;103 m²;17.400  kr.;København S, Else Alfelts Vej
4;115 m²;17.659  kr.;Frederiksberg C, Dr. Ablidsgårds Allé
3;96 m²;18.500  kr.;København SV, Ernie Wilkins Vej
1;35 m²;7.200  kr.;København NV, Rabarbervej
4;169 m²;25.000  kr.;Vedbæk, Fagerparken
1;35 m²;7.200  kr.;København NV, Rabarbervej
2;105 m²;24.000  kr.;Nordhavn, Fortkaj
4;98 m²;18.000  kr.;København SV, Otto Brandenburgs Vej
4;98 m²;14.400  kr.;Bagsværd, Laurentsvej
1;20 m²;7.500  kr.;Frederiksberg, Rolfsvej
4;175 m²;21.000  kr.;Værløse, Skandrups Alle
2;54 m²;12.000  kr.;København Ø, Landskronagade
1;18 m²;7.211  kr.;København SV, Belvederekaj
4;156 m²;32.000  kr.;København V, Bohrsgade
1;22 m²;7.195  kr.;Kongens Lyngby, Gammel Jernbanevej
1;49 m²;11.200  kr.;København S, Norgesgade
3;78 m²;11.995  kr.;Smørum, Flodvej
4;141 m²;21.808  kr.;Frederiksberg C, Hostrups Have
1;31 m²;7.481  kr.;Hvidovre, Gammel Køge Landevej
1;32 m²;8.100  kr.;Valby, Gammel Jernbanevej
4;100 m²;17.500  kr.;Kastrup, Arkturus Alle
6;237 m²;31.067  kr.;København Ø, Gefionsgade
4;148 m²;25.000  kr.;Frederiksberg, Kong Georgs vej
4;109 m²;15.100  kr.;Glostrup, Banehavestien
4;109 m²;15.100  kr.;Glostrup, Banehavestien
4;91 m²;13.200  kr.;Glostrup, Baneleddet
3;83 m²;11.900  kr.;Glostrup, Baneleddet
3;89 m²;12.300  kr.;Glostrup, Baneleddet
3;79 m²;12.300  kr.;Glostrup, Baneleddet
2;59 m²;10.500  kr.;Glostrup, Baneleddet
3;85 m²;12.100  kr.;Glostrup, Baneleddet
2;62 m²;10.000  kr.;Dyssegård, Vangedevej
4;111 m²;15.100  kr.;Hedehusene, Havtornvej
5;130 m²;16.350  kr.;Hedehusene, Havtornvej
3;119 m²;17.000  kr.;Valby, Paradisæblevej
3;90 m²;12.500  kr.;Albertslund, Linde Allé
3;98 m²;19.250  kr.;København N, Sjællandsgade
1;38 m²;7.400  kr.;Valby, Følager
1;38 m²;7.400  kr.;Valby, Følager
1;38 m²;7.400  kr.;Valby, Følager
1;39 m²;7.400  kr.;Valby, Følager
6;152 m²;25.000  kr.;Klampenborg, Dalsgaardsvej
1;10 m²;4.500  kr.;Glostrup, Skovsletten
3;67 m²;11.000  kr.;Glostrup, Grannålen
3;126 m²;27.500  kr.;København K, Store Strandstræde
4;96 m²;12.000  kr.;Hedehusene, Havtornvej
4;96 m²;11.800  kr.;Hedehusene, Havtornvej
3;76 m²;11.750  kr.;Herlev, Engløbet
1;36 m²;6.500  kr.;København K, Luftmarinegade
1;35 m²;8.650  kr.;København SV, Teglholmsgade
1;55 m²;12.500  kr.;København NV, Smedetoften
1;12 m²;5.600  kr.;København S, Else Alfelts Vej
4;100 m²;14.000  kr.;Vallensbæk Strand, Dagmarhaven
1;33 m²;10.800  kr.;København K, Store Kongensgade
2;54 m²;8.700  kr.;Kongens Lyngby, Lystoftevej
4;83 m²;12.600  kr.;Hedehusene, Havtornvej
1;123 m²;18.500  kr.;København K, Rosengården
5;146 m²;18.900  kr.;København S, Ørestads Boulevard
2;67 m²;14.450  kr.;København S, Lindgreens Allé
4;98 m²;15.200  kr.;København S, Ørestads Boulevard
5;146 m²;19.100  kr.;København S, Ørestads Boulevard
1;28 m²;8.400  kr.;Frederiksberg, Holger Danskes Vej
1;38 m²;8.900  kr.;København S, Ørestads Boulevard
1;35 m²;6.500  kr.;København S, Strandlodsvej
1;41 m²;9.550  kr.;København S, Ørestads Boulevard
1;16 m²;5.000  kr.;København Ø, Vibekegade
1;41 m²;7.600  kr.;Valby, Følager
2;54 m²;8.500  kr.;Rødovre, Roskildevej
3;77 m²;7.500  kr.;Kastrup, Skelgårdsstræde
4;88 m²;12.750  kr.;Hedehusene, Havtornvej
4;168 m²;18.500  kr.;Gentofte, Ermelundsvej
3;94 m²;16.300  kr.;København S, Strandlodsvej
3;88 m²;15.200  kr.;København S, Edvard Thomsens Vej
1;15 m²;6.000  kr.;Frederiksberg C, N. J. Fjords Allé
1;25 m²;5.000  kr.;Kongens Lyngby, Norgesvej
3;64 m²;12.500  kr.;Nærum, Skodsborgvej
6;157 m²;25.000  kr.;Gentofte, Smakkegårdsvej
3;73 m²;12.700  kr.;Valby, Vigerslevvej
1;43 m²;6.750  kr.;Hellerup, Højsgårds Alle
1;14 m²;5.000  kr.;København Ø, Hjørringgade
3;100 m²;15.693  kr.;Gentofte, Niels Steensens Vej
3;100 m²;15.190  kr.;Gentofte, Niels Steensens Vej
3;149 m²;29.995  kr.;København K, Nyhavn
1;77 m²;12.500  kr.;København SV, Teglholm Allé
1;38 m²;7.400  kr.;Valby, Følager
2;67 m²;16.000  kr.;København V, Lagergade
4;106 m²;18.900  kr.;Valby, Montagehalsvej
1;6 m²;6.100  kr.;København Ø, Masnedøgade
3;63 m²;16.350  kr.;København S, Bremensgade
3;91 m²;13.900  kr.;Rødovre, Næsbyvej
2;75 m²;14.900  kr.;København SV, Ernie Wilkins Vej
1;12 m²;4.600  kr.;Vallensbæk Strand, Højstrupparken
2;83 m²;12.950  kr.;Rødovre, Blomsterstræde
1;30 m²;8.900  kr.;Frederiksberg, Roskildevej
1;10 m²;6.500  kr.;København K, Applebys Plads
2;50 m²;12.000  kr.;København S, Amagerbrogade
4;124 m²;16.500  kr.;København N, Blågårdsgade
3;108 m²;21.000  kr.;Frederiksberg, Mariendalsvej
1;20 m²;3.900  kr.;København NV, Tagensvej
2;61 m²;16.200  kr.;København V, Ny Carlsbergvej
2;53 m²;25.000  kr.;København S, Kirkegårdsvej
2;86 m²;35.000  kr.;København K, Store Kongensgade
2;72 m²;13.000  kr.;København Ø, Bomhusvej
1;26 m²;11.000  kr.;København NV, Fyrbødervej
4;166 m²;26.500  kr.;Hellerup, C V E Knuths Vej
1;40 m²;7.500  kr.;Valby, Følager
2;57 m²;13.000  kr.;Nærum, Nærum Hovedgade
2;60 m²;9.700  kr.;Brøndby Strand, Brøndby Strand Centrum
4;91 m²;19.800  kr.;København S, Ramundsvej
4;102 m²;14.400  kr.;Herlev, Hørkær
3;91 m²;13.300  kr.;Herlev, Hørkær
2;64 m²;11.200  kr.;Herlev, Hørkær
2;60 m²;10.800  kr.;Herlev, Hørkær
8;285 m²;60.000  kr.;Klampenborg, Taarbæk Strandvej
7;239 m²;45.000  kr.;Charlottenlund, Strandvejen
1;38 m²;5.500  kr.;København S, Strandlodsvej
3;113 m²;20.000  kr.;Kongens Lyngby, Lyngby Hovedgade
1;10 m²;6.000  kr.;København Ø, Kristianiagade
1;38 m²;7.500  kr.;Valby, Følager
2;56 m²;8.913  kr.;Holte, Ernst Bojesens Vej
1;34 m²;7.450  kr.;Søborg, Gyngemose Parkvej
2;74 m²;5.700  kr.;Kongens Lyngby, Østervang
2;70 m²;12.395  kr.;Rødovre, Else Sørensens Vej
3;99 m²;14.695  kr.;København S, Ørestads Boulevard
3;84 m²;12.250  kr.;Brøndby, Mekanikvej
3;85 m²;19.900  kr.;Hellerup, Jomsborgvej
2;63 m²;12.700  kr.;Hvidovre, Strandmarksvej
3;68 m²;12.000  kr.;Rødovre, Rødovre Port
2;49 m²;14.000  kr.;Frederiksberg, Helgesvej
1;73 m²;15.500  kr.;København Ø, Langelinie Alle
3;194 m²;32.500  kr.;København K, Tordenskjolsgade
2;53 m²;9.500  kr.;Kongens Lyngby, Engelsborgvej
1;20 m²;5.000  kr.;København Ø, Australiensvej
2;119 m²;26.000  kr.;København Ø, Dampfærgevej
3;91 m²;15.000  kr.;København S, Amagerbrogade
3;88 m²;12.900  kr.;Glostrup, Sydvestvej
1;33 m²;10.595  kr.;Frederiksberg C, Bülowsvej
1;32 m²;9.995  kr.;Frederiksberg C, Bülowsvej
4;103 m²;16.500  kr.;København S, Else Alfelts Vej
4;92 m²;19.000  kr.;København S, Øresundsvej
2;88 m²;9.995  kr.;Smørum, Ledøjetoften
2;54 m²;12.650  kr.;København S, Nadine Gordimers Vej
2;58 m²;12.650  kr.;København S, Doris Lessings Vej
4;138 m²;24.500  kr.;København S, Drechselsgade
4;102 m²;14.900  kr.;Rødovre, Blomsterstræde
1;18 m²;8.500  kr.;København Ø, Østerbrogade
2;63 m²;12.900  kr.;København S, Michael Strunges Vej
3;77 m²;14.950  kr.;København S, Halldór Laxness Vej
3;88 m²;13.900  kr.;Rødovre, Blomsterstræde
2;49 m²;9.250  kr.;Skovlunde, Ballerup Boulevard
1;70 m²;16.500  kr.;København K, Badstuestræde
2;70 m²;14.900  kr.;København S, Parmagade
3;84 m²;15.500  kr.;Valby, Axel Strøbyes Vej
3;96 m²;12.640  kr.;Taastrup, Bornholms Alle
4;124 m²;25.000  kr.;København S, Robert Jacobsens Vej
2;83 m²;12.950  kr.;Rødovre, Blomsterstræde
2;58 m²;10.500  kr.;Ballerup, Fjerkløvervej
4;149 m²;21.900  kr.;Hellerup, Bernstorffsvej
5;138 m²;23.000  kr.;Valby, Rughavevej
3;86 m²;11.467  kr.;Taastrup, Bornholms Alle
3;97 m²;15.041  kr.;Valby, Carl Jacobsens Vej
3;107 m²;14.712  kr.;Nærum, Lendemosevej
3;108 m²;14.850  kr.;Nærum, Lendemosevej
1;53 m²;7.288  kr.;Nærum, Lendemosevej
3;107 m²;14.712  kr.;Nærum, Lendemosevej
1;12 m²;4.500  kr.;Brønshøj, Nordrupvej
5;204 m²;23.000  kr.;Charlottenlund, Johannevej
3;102 m²;19.000  kr.;København SV, Frederikskaj
1;49 m²;9.900  kr.;Dyssegård, Dalstrøget
3;131 m²;22.000  kr.;Kongens Lyngby, Egegårdsvej
1;10 m²;7.200  kr.;København S, Amagerbrogade
1;10 m²;5.200  kr.;Brøndby, Kirkebjerg Søpark
4;147 m²;22.000  kr.;København S, Heklas Allé
2;56 m²;15.000  kr.;København N, Henrik Rungs Gade
2;57 m²;13.645  kr.;Frederiksberg, Mariendalsvej
1;8 m²;9.000  kr.;København V, Malttorvet
5;153 m²;19.124  kr.;Vanløse, Jernbane Allé
2;66 m²;13.950  kr.;Valby, Elstarvej
4;123 m²;16.350  kr.;Taastrup, Dorphs Alle
1;20 m²;6.080  kr.;Gentofte, Jægersborg Alle
4;92 m²;17.000  kr.;København K, Margretheholmsvej
3;95 m²;17.200  kr.;Vedbæk, Thoras Vænge
1;20 m²;6.080  kr.;Gentofte, Jægersborg Alle
1;25 m²;6.585  kr.;Gentofte, Ermelundsvej
1;33 m²;6.080  kr.;Gentofte, Jægersborg Alle
4;106 m²;13.700  kr.;Hedehusene, Skinnestræde
3;88 m²;16.500  kr.;København NV, Rentemestervej
2;58 m²;11.000  kr.;Dyssegård, Plantevej
3;87 m²;16.500  kr.;København S, C. F. Møllers Allé
3;100 m²;13.500  kr.;Rødovre, Else Sørensens Vej
4;123 m²;19.700  kr.;Frederiksberg, Peter Bangs Vej
2;100 m²;19.900  kr.;Frederiksberg C, Dr. Priemes Vej
2;143 m²;20.000  kr.;Frederiksberg C, Gammel Kongevej
3;159 m²;29.000  kr.;Frederiksberg, Kristian Zahrtmanns Plads
1;44 m²;11.000  kr.;København S, Bergthorasgade
3;129 m²;20.000  kr.;Hellerup, Gjørlingsvej
2;110 m²;19.500  kr.;København K, Dronningensgade
1;119 m²;27.500  kr.;København K, Amaliegade
3;177 m²;55.000  kr.;Klampenborg, Dalsgaardsvej
5;404 m²;120.000  kr.;Nordhavn, Helsinkigade
3;133 m²;27.000  kr.;København K, Hammershøj Kaj
2;120 m²;19.900  kr.;Frederiksberg C, Carl Plougs Vej
3;108 m²;20.000  kr.;København SV, Alliancevej
2;114 m²;18.000  kr.;København K, Margretheholmsvej
1;26 m²;6.700  kr.;Brøndby, Brøndbyøster Boulevard
1;29 m²;6.800  kr.;Brøndby, Brøndbyøster Boulevard
1;26 m²;6.600  kr.;Brøndby, Brøndbyøster Boulevard
2;45 m²;10.500  kr.;Taastrup, Taastrup Vænge
5;144 m²;24.500  kr.;Vedbæk, Thoras Vænge
6;218 m²;45.000  kr.;Holte, Søvej
8;386 m²;70.000  kr.;Gentofte, Ipstrupvej
1;32 m²;7.735  kr.;København NV, Theklavej
3;77 m²;15.000  kr.;Frederiksberg, Aksel Møllers Have
8;320 m²;45.000  kr.;Søborg, Alsikemarken
1;17 m²;7.200  kr.;København N, Sigynsgade
3;88 m²;13.976  kr.;Rødovre, Fortvej
2;85 m²;22.000  kr.;København Ø, Strandboulevarden
3;84 m²;12.877  kr.;Ballerup, Guldblommevej
3;85 m²;14.300  kr.;København S, Else Alfelts Vej
4;141 m²;18.800  kr.;København S, Brigadegården
1;38 m²;8.295  kr.;Vanløse, Godthåbsvej
1;35 m²;8.200  kr.;Kongens Lyngby, Gyldendalsvej
1;35 m²;8.200  kr.;Kongens Lyngby, Gyldendalsvej
7;203 m²;30.941  kr.;København V, Stormgade
4;126 m²;25.200  kr.;København Ø, Strandboulevarden
3;111 m²;21.738  kr.;Frederiksberg, Helgesvej
1;28 m²;8.000  kr.;Frederiksberg, Finsensvej
4;107 m²;17.833  kr.;Valby, Tove Maës Vej
4;100 m²;14.992  kr.;Søborg, Gyngemose Parkvej
2;71 m²;11.350  kr.;Skovlunde, Bybuen
2;73 m²;12.850  kr.;København S, Richard Mortensens Vej
4;101 m²;13.350  kr.;Hedehusene, Skinnestræde
3;98 m²;15.450  kr.;København S, Else Alfelts Vej
3;85 m²;11.900  kr.;Brøndby, Mekanikvej
1;16 m²;5.200  kr.;Gentofte, Gentoftegade
2;71 m²;10.900  kr.;Taastrup, Eigtveds Alle
1;22 m²;7.500  kr.;Frederiksberg C, Frederiksberg Alle
3;92 m²;12.900  kr.;Glostrup, Malervangen
1;31 m²;8.000  kr.;Vanløse, Vanløse Allé
1;29 m²;8.200  kr.;Valby, Poul Bundgaards Vej
4;92 m²;13.400  kr.;Brønshøj, Tingbjerg Ås
5;116 m²;14.900  kr.;Brønshøj, Tingbjerg Ås
2;58 m²;10.200  kr.;Brønshøj, Tingbjerg Ås
3;92 m²;12.000  kr.;Brønshøj, Tingbjerg Ås
3;108 m²;14.500  kr.;Søborg, Gladsaxevej
1;33 m²;6.100  kr.;København S, Else Alfelts Vej
3;69 m²;14.500  kr.;København S, Michael Strunges Vej
1;10 m²;6.250  kr.;København S, Else Alfelts Vej
2;67 m²;11.600  kr.;Ballerup, Sømose Hegn
2;54 m²;12.750  kr.;København S, Frankrigsgade
3;90 m²;12.300  kr.;Brøndby, Mekanikvej
3;73 m²;12.000  kr.;Brøndby, Mekanikvej
4;94 m²;18.000  kr.;Valby, Spinderigade
3;85 m²;14.000  kr.;København S, Ørestads Boulevard
3;83 m²;15.995  kr.;København S, Klaksvigsgade
4;110 m²;14.158  kr.;Hellerup, Bernstorffsvej
1;44 m²;10.900  kr.;København S, Else Alfelts Vej
3;76 m²;14.000  kr.;København S, Meklenborggade
2;72 m²;11.000  kr.;Glostrup, Murervangen
4;92 m²;16.000  kr.;København SV, Kenny Drews Vej
5;144 m²;25.000  kr.;Frederiksberg C, Gammel Kongevej
2;55 m²;13.500  kr.;København S, Michael Strunges Vej
1;33 m²;11.700  kr.;København V, Dybbølsbro
1;33 m²;9.700  kr.;København V, Dybbølsbro
3;76 m²;11.900  kr.;Vanløse, Grøndals Parkvej
2;70 m²;14.450  kr.;København S, Lindgreens Allé
2;47 m²;8.500  kr.;Vallensbæk Strand, Vejlegårdsparken
2;53 m²;15.500  kr.;København V, Dybbølsbro
1;33 m²;10.500  kr.;København V, Dybbølsbro
1;33 m²;9.900  kr.;København V, Dybbølsbro
1;33 m²;11.200  kr.;København V, Dybbølsbro
1;33 m²;10.200  kr.;København V, Dybbølsbro
4;90 m²;14.000  kr.;Herlev, Hørkær
4;79 m²;13.800  kr.;Herlev, Hørkær
4;89 m²;14.200  kr.;Herlev, Hørkær
1;31 m²;7.900  kr.;Valby, Gammel Køge Landevej
1;29 m²;8.050  kr.;Frederiksberg, Finsensvej
1;29 m²;8.050  kr.;Frederiksberg, Finsensvej
1;40 m²;14.760  kr.;København S, Else Alfelts Vej
1;41 m²;14.040  kr.;København S, Else Alfelts Vej
2;76 m²;14.700  kr.;København S, Michael Strunges Vej
2;57 m²;15.000  kr.;Skodsborg, Skodsborg Strandvej
2;82 m²;16.000  kr.;København S, Jens Otto Krags Gade
1;12 m²;5.500  kr.;København N, Rungsted Plads
2;66 m²;14.200  kr.;Valby, Løgæblevej
1;15 m²;5.900  kr.;København K, Refshalevej
4;117 m²;19.500  kr.;Frederiksberg, Mathildevej
1;37 m²;8.700  kr.;Frederiksberg, Nordens Plads
1;36 m²;8.900  kr.;København NV, Lærkevej
2;54 m²;9.975  kr.;Kongens Lyngby, Gammel Bagsværdvej
4;99 m²;13.800  kr.;Brøndby, Elektronikvej
2;78 m²;10.500  kr.;Frederiksberg C, L.I. Brandes Alle
1;11 m²;5.000  kr.;Ballerup, Krogdalen
1;20 m²;4.200  kr.;Måløv, Myrholmen
1;44 m²;10.800  kr.;Valby, Søndre Fasanvej
1;44 m²;10.700  kr.;Valby, Søndre Fasanvej
2;58 m²;17.580  kr.;København S, Else Alfelts Vej
4;97 m²;17.000  kr.;København SV, Frederikskaj
1;15 m²;6.300  kr.;Brønshøj, Torbenfeldtvej
1;13 m²;5.000  kr.;Valby, Sjælør Boulevard
3;122 m²;19.000  kr.;København K, Badstuestræde
2;55 m²;10.000  kr.;Frederiksberg, C.F. Richs Vej
1;11 m²;7.000  kr.;København Ø, Viborggade
1;26 m²;4.600  kr.;Albertslund, Galgebakken Torv
1;9 m²;4.700  kr.;København K, Kronprinsessegade
2;65 m²;10.200  kr.;Glostrup, Granskoven
3;98 m²;16.500  kr.;Valby, Jernæblevej
3;87 m²;12.900  kr.;Herlev, Hørkær
3;73 m²;14.950  kr.;København S, Ørestads Boulevard
3;114 m²;17.900  kr.;Vedbæk, Thoras Vænge
3;74 m²;15.800  kr.;København NV, Drejervej
4;96 m²;13.400  kr.;Brøndby, Mekanikvej
2;56 m²;11.500  kr.;Herlev, Hørkær
1;34 m²;10.395  kr.;Frederiksberg C, Åboulevard
3;93 m²;16.000  kr.;København K, Margretheholmsvej
4;88 m²;14.200  kr.;Herlev, Hørkær
4;80 m²;13.900  kr.;Herlev, Hørkær
1;26 m²;7.600  kr.;Frederiksberg, C.F. Richs Vej
2;60 m²;9.975  kr.;Bagsværd, Buegården
3;80 m²;12.700  kr.;Ballerup, Baltorpstræde
2;62 m²;11.000  kr.;Ballerup, Baltorpstræde
4;140 m²;28.500  kr.;København Ø, Stavangergade
5;137 m²;22.000  kr.;Dyssegård, Stjerneborg Alle
1;42 m²;10.400  kr.;København S, Englandsvej
1;22 m²;4.900  kr.;Brønshøj, Islevhusvej
2;88 m²;13.800  kr.;Rødovre, Rødovre Port
1;32 m²;8.400  kr.;Rødovre, Rødovre Port
2;43 m²;10.100  kr.;Rødovre, Rødovre Port
1;35 m²;8.500  kr.;Rødovre, Rødovre Port
1;35 m²;8.500  kr.;Rødovre, Rødovre Port
1;35 m²;8.400  kr.;Rødovre, Rødovre Port
4;140 m²;20.000  kr.;Søborg, Niels Finsens Alle
2;50 m²;11.400  kr.;Rødovre, Rødovre Port
2;78 m²;11.600  kr.;Ballerup, Rolighedsvej
3;76 m²;11.100  kr.;Hedehusene, Sporstræde
3;40 m²;9.800  kr.;København Ø, Landskronagade
1;35 m²;8.050  kr.;København SV, Poppelstykket
4;106 m²;16.000  kr.;København S, Fussingsvej
3;103 m²;14.100  kr.;Glostrup, Grankoglen
3;93 m²;13.100  kr.;Glostrup, Grankoglen
3;113 m²;15.000  kr.;Vallensbæk Strand, Vallensbæk Stationstorv
3;93 m²;13.300  kr.;Glostrup, Grankoglen
2;74 m²;15.000  kr.;København K, Nygade
3;93 m²;13.200  kr.;Glostrup, Grankoglen
3;89 m²;13.200  kr.;Glostrup, Grankoglen
4;99 m²;13.700  kr.;Brøndby, Mudillesvej
4;93 m²;15.450  kr.;Rødovre, Korsdalsvej
2;58 m²;9.950  kr.;Vallensbæk Strand, Dagmarhaven
3;83 m²;15.450  kr.;København S, Lindgreens Allé
1;66 m²;10.400  kr.;Glostrup, Murervangen
1;8 m²;6.400  kr.;København NV, Drejervej
4;138 m²;26.499  kr.;Frederiksberg, Howitzvej
3;79 m²;14.325  kr.;Rødovre, Irmavej
3;96 m²;15.200  kr.;København NV, Gråspurvevej
3;150 m²;15.000  kr.;Hvidovre, Hvidovre Strandvej
1;12 m²;5.500  kr.;Dragør, Hollændervej
1;12 m²;4.900  kr.;Vanløse, Jyllingevej
3;101 m²;20.000  kr.;København V, Ny Carlsberg Vej
4;99 m²;19.500  kr.;København SV, Teglholmsgade
3;96 m²;17.800  kr.;København SV, Teglholmsgade
2;61 m²;10.338  kr.;Ballerup, Guldblommevej
2;52 m²;9.300  kr.;Hedehusene, Svanegade
3;77 m²;12.567,71  kr.;Ballerup, Guldblommevej
4;93 m²;17.300  kr.;København K, Margretheholmsvej
3;123 m²;23.350  kr.;København K, Amaliegade
4;99 m²;17.000  kr.;København K, Margretheholmsvej
3;78 m²;12.400  kr.;Ishøj, Mejsevangen
1;35 m²;7.200  kr.;København NV, Rabarbervej
2;78 m²;17.500  kr.;København K, Amaliegade
1;49 m²;9.500  kr.;Hvidovre, Hvidovrevej
2;70 m²;14.400  kr.;København S, Amager Strandvej
4;103 m²;19.200  kr.;København S, Amager Strandvej
2;31 m²;10.300  kr.;Frederiksberg, C.F. Richs Vej
1;15 m²;8.500  kr.;Skovlunde, Bybuen
4;142 m²;31.400  kr.;Hellerup, Tuborg Bakkedrag
2;58 m²;12.700  kr.;København S, Emma Gads Vej
5;175 m²;42.000  kr.;København Ø, Stockholmsgade
4;115 m²;16.150  kr.;Herlev, Hyrdindestien
4;100 m²;14.800  kr.;Herlev, Herlev Ringvej
1;14 m²;4.500  kr.;Vanløse, Ålekistevej
3;92 m²;14.000  kr.;Glostrup, Hovedvejen
3;110 m²;25.000  kr.;Frederiksberg C, Alhambravej
1;10 m²;9.909  kr.;København N, Nørrebrogade
3;129 m²;38.000  kr.;Hellerup, Tuborg Havnepark
3;119 m²;22.500  kr.;Nordhavn, Helsinkigade
2;62 m²;16.200  kr.;København V, Ny Carlsberg Vej
2;61 m²;16.100  kr.;København V, Ny Carlsberg Vej
2;61 m²;15.900  kr.;København V, Ny Carlsberg Vej
2;62 m²;16.000  kr.;København V, Ny Carlsberg Vej
4;104 m²;18.500  kr.;Valby, Fajancegade
1;12 m²;4.900  kr.;København Ø, Holsteinsgade
4;121 m²;14.300  kr.;Ballerup, Centrumgaden
3;118 m²;18.600  kr.;Valby, Spinderigade
1;13 m²;7.000  kr.;København SV, A.C. Meyers Vænge
4;144 m²;32.000  kr.;Hellerup, Tuborg Bakkedrag
4;97 m²;14.300  kr.;Søborg, Gyngemose Parkvej
3;72 m²;20.500  kr.;Valby, Gammel Jernbanevej
2;49 m²;19.500  kr.;København N, Læssøesgade
1;8 m²;5.100  kr.;Frederiksberg, Allegade
3;108 m²;21.000  kr.;Frederiksberg, Mariendalsvej
2;83 m²;14.328  kr.;København S, Poul Hartlings Gade
3;95 m²;12.300  kr.;Vallensbæk Strand, Delta Park
1;53 m²;10.200  kr.;Søborg, Gyngemose Parkvej
3;86 m²;12.990  kr.;Herlev, Lyskær
3;83 m²;12.800  kr.;Herlev, Lyskær
3;80 m²;12.800  kr.;Herlev, Lyskær
2;85 m²;12.200  kr.;Herlev, Lyskær
1;16 m²;5.500  kr.;Vallensbæk Strand, Svenstrupvej
1;15 m²;5.900  kr.;København SV, Peter Holms Vej
4;150 m²;33.500  kr.;Hellerup, Tuborg Bakkedrag
3;76 m²;12.200  kr.;Glostrup, Østbrovej
3;81 m²;42.500  kr.;København K, Dronningens Tværgade
4;92 m²;15.000  kr.;København S, Ørestads Boulevard
7;299 m²;45.000  kr.;Hellerup, Hartmannsvej
1;10 m²;8.436  kr.;København V, Vester Voldgade
2;54 m²;18.000  kr.;Valby, Gammel Jernbanevej
2;58 m²;21.000  kr.;Hellerup, Tuborgvej
2;49 m²;20.000  kr.;København N, Læssøesgade
5;113 m²;17.900  kr.;København S, Richard Mortensens Vej
3;87 m²;12.300  kr.;Hedehusene, Cikoriegade
5;116 m²;15.100  kr.;Brønshøj, Tingbjerg Ås
2;57 m²;10.300  kr.;Brønshøj, Tingbjerg Ås
1;15 m²;7.900  kr.;København K, Herluf Trolles Gade
2;35 m²;6.000  kr.;Hellerup, Heslegårdsvej
3;60 m²;14.000  kr.;Kongens Lyngby, Eremitageparken
1;9 m²;6.000  kr.;København SV, Willy Brandts Vej
3;96 m²;14.000  kr.;Vallensbæk Strand, Dagmarhaven
4;98 m²;15.600  kr.;Søborg, Gyngemose Parkvej
1;12 m²;5.300  kr.;Taastrup, Dorphs Alle
3;89 m²;14.500  kr.;Rødovre, Blomsterstræde
3;76 m²;13.150  kr.;Skovlunde, Blokhaven
2;51 m²;9.550  kr.;Skovlunde, Torvestrædet
1;15 m²;4.500  kr.;København Ø, Gribskovvej
4;79 m²;13.900  kr.;Herlev, Hørkær
1;32 m²;7.900  kr.;Kongens Lyngby, Lyngby Hovedgade
4;109 m²;22.995  kr.;Frederiksberg C, Frederiksberg Alle
3;61 m²;15.000  kr.;København K, Hausergade
5;170 m²;18.000  kr.;Dragør, Stautz Alle
2;54 m²;10.350  kr.;Hedehusene, Havtornvej
5;136 m²;23.000  kr.;København Ø, Willemoesgade
1;18 m²;5.000  kr.;Brønshøj, Islevhusvej
4;104 m²;12.900  kr.;Valby, Folehaven
1;31 m²;9.350  kr.;København SV, Henriette Crones Gade
3;80 m²;12.650  kr.;Taastrup, Eigtveds Alle
3;85 m²;16.000  kr.;Charlottenlund, Ole Bruuns Vej
1;9 m²;6.700  kr.;Valby, Vigerslev Allé
1;41 m²;9.500  kr.;København NV, Glentevej
3;111 m²;17.630  kr.;København S, Else Alfelts Vej
3;72 m²;13.400  kr.;Brønshøj, Gadelandet
3;90 m²;14.500  kr.;Frederiksberg C, Gammel Kongevej
1;9 m²;3.700  kr.;København S, Gullandsgade
3;92 m²;11.900  kr.;Taastrup, Høje Taastrup Boulev
2;62 m²;10.000  kr.;Ballerup, Marbæk Park
3;150 m²;24.800  kr.;Vedbæk, Krogholmgårdsvej
3;94 m²;13.900  kr.;Rødovre, Else Sørensens Vej
4;140 m²;23.000  kr.;København Ø, Sortedam Dossering
4;157 m²;27.000  kr.;København Ø, Langelinie Alle
2;58 m²;15.500  kr.;København V, Lagergade
2;69 m²;11.000  kr.;Nærum, Langebjerg
3;76 m²;13.216  kr.;København S, Ulrik Birchs Allé
2;60 m²;11.925  kr.;København S, Robert Jacobsens Vej
2;62 m²;9.000  kr.;Hedehusene, Hedekæret
3;103 m²;20.000  kr.;Frederiksberg C, Rosenørns Alle
1;14 m²;5.800  kr.;København S, Asger Jorns Allé
1;34 m²;8.900  kr.;København Ø, Strynøgade
4;103 m²;15.800  kr.;Brønshøj, Gadelandet
1;27 m²;7.095  kr.;København NV, Dortheavej
6;126 m²;25.700  kr.;København V, Bag Elefanterne
5;109 m²;22.200  kr.;København V, Bag Elefanterne
1;10 m²;5.000  kr.;Søborg, Pilegårdens Haveby
4;110 m²;19.000  kr.;København SV, Alliancevej
2;62 m²;11.500  kr.;Vanløse, Jernbane Allé
3;99 m²;17.000  kr.;København S, Edvard Thomsens Vej
1;32 m²;11.100  kr.;København K, Store Kongensgade
4;109 m²;15.250  kr.;København S, Halldór Laxness Vej
1;16 m²;5.600  kr.;Værløse, Nørrevænget
4;96 m²;13.960  kr.;Søborg, Gyngemose Parkvej
4;91 m²;14.800  kr.;København S, C.F. Møllers Allé
4;128 m²;16.850  kr.;København S, Dea Trier Mørchs Vej
6;185 m²;40.000  kr.;Frederiksberg C, Sankt Markus Plads
4;95 m²;14.400  kr.;Herlev, Hørkær
4;90 m²;14.400  kr.;Herlev, Hørkær
1;46 m²;8.500  kr.;København Ø, Hans Knudsens Plads
2;59 m²;12.295  kr.;København S, Ørestads Boulevard
4;95 m²;14.200  kr.;Herlev, Hørkær
3;87 m²;12.450  kr.;Hedehusene, Frøstjernestræde
1;22 m²;6.500  kr.;Frederiksberg, Borgmester Fischers Vej
3;81 m²;12.600  kr.;Hedehusene, Kongelysvej
2;62 m²;17.300  kr.;København V, Ny Carlsberg Vej
4;116 m²;22.700  kr.;København V, Ny Carlsberg Vej
1;24 m²;7.000  kr.;København S, Stokrosevej
4;114 m²;15.800  kr.;Ballerup, Nyvangen
3;112 m²;23.000  kr.;København K, Kronprinsessegade
2;75 m²;14.000  kr.;Charlottenlund, Lindegårdsvej
2;53 m²;10.350  kr.;Hedehusene, Havtornvej
2;53 m²;10.300  kr.;Hedehusene, Havtornvej
2;53 m²;10.450  kr.;Hedehusene, Frøstjernestræde
2;60 m²;13.400  kr.;København S, Emma Gads Vej
2;67 m²;14.500  kr.;Valby, Ingrid Marievej
2;60 m²;14.300  kr.;København S, Ved Amagerbanen
4;128 m²;19.000  kr.;København S, Njalsgade
2;57 m²;10.700  kr.;Herlev, Herlev Torv
1;54 m²;7.395  kr.;Ballerup, Telegrafvej
4;135 m²;16.000  kr.;Rødovre, Jyllingevej
1;38 m²;8.900  kr.;Glostrup, Nørre Allé
4;103 m²;16.400  kr.;København S, Else Alfelts Vej
2;48 m²;10.400  kr.;Ballerup, Guldblommevej
4;98 m²;16.333  kr.;København S, Robert Jacobsens Vej
3;77 m²;10.750  kr.;Glostrup, Stadionvej
3;93 m²;15.500  kr.;København S, Robert Jacobsens Vej
1;24 m²;6.095  kr.;Kongens Lyngby, Gammel Jernbanevej
7;141 m²;21.900  kr.;København S, Else Alfelts Vej
3;74 m²;11.408  kr.;Brøndby, Kirkebjerg Parkvej
5;118 m²;15.930  kr.;Albertslund, Lækrogen
3;94 m²;14.500  kr.;København S, Richard Mortensens Vej
3;121 m²;18.765  kr.;Valby, Valby Maskinfabriksvej
4;86 m²;13.450  kr.;Hedehusene, Skolebakken
3;86 m²;12.150  kr.;Hedehusene, Skærverstræde
2;67 m²;11.200  kr.;Ballerup, Baltorpvej
2;53 m²;13.200  kr.;København S, Michael Strunges Vej
1;38 m²;8.900  kr.;København S, Ulrik Birchs Allé
1;33 m²;9.500  kr.;København S, Irlandsvej
5;195 m²;49.500  kr.;København SV, Albert Schweitzers Vej
5;125 m²;15.900  kr.;Herlev, Hørkær
3;108 m²;14.450  kr.;Vallensbæk Strand, Amalieparken
4;88 m²;13.150  kr.;Hedehusene, Skolebakken
4;150 m²;22.000  kr.;Holte, Rønnebærvej
2;60 m²;10.500  kr.;Glostrup, Baneleddet
3;79 m²;12.100  kr.;Glostrup, Baneleddet
3;92 m²;12.400  kr.;Glostrup, Baneleddet
4;92 m²;16.550  kr.;København K, Margretheholmsvej
1;15 m²;5.450  kr.;Valby, Vigerslevvej
1;40 m²;6.800  kr.;Bagsværd, Bagsværd Hovedgade
4;158 m²;39.500  kr.;Frederiksberg, Lindevangs Alle
3;83 m²;22.000  kr.;København V, Thorvald Bindesbølls Plads
2;74 m²;12.635  kr.;Rødovre, Aage Knudsens Strøg
2;65 m²;13.000  kr.;København S, Richard Mortensens Vej
5;115 m²;17.400  kr.;København S, Ørestads Boulevard
2;60 m²;13.400  kr.;København S, Ved Amagerbanen
3;97 m²;12.095  kr.;Ballerup, Postgrunden
3;62 m²;13.800  kr.;København S, Gertrude Steins Vej
3;75 m²;13.400  kr.;Søborg, Gyngemose Parkvej
4;143 m²;22.500  kr.;København S, Else Alfelts Vej
4;102 m²;17.900  kr.;København S, Else Alfelts Vej
3;88 m²;12.700  kr.;Ballerup, Baltorpvej
3;78 m²;12.500  kr.;Herlev, Hørkær
2;112 m²;18.875  kr.;Frederiksberg, Falkoner Alle
3;90 m²;12.600  kr.;Brøndby, Mekanikvej
5;187 m²;30.200  kr.;Frederiksberg, Godthåbsvej
3;93 m²;14.000  kr.;Glostrup, Stationsparken
2;69 m²;16.900  kr.;Frederiksberg, Godthåbsvej
1;55 m²;5.993  kr.;Rødovre, Rødager Alle
1;14 m²;6.000  kr.;Charlottenlund, Trunnevangen
5;145 m²;18.800  kr.;Glostrup, Hvissingevej
2;87 m²;17.200  kr.;København Ø, Amerika Plads
1;46 m²;13.800  kr.;København Ø, Scherfigsvej
3;84 m²;12.295  kr.;Ballerup, Postgrunden
1;37 m²;8.700  kr.;Frederiksberg, Nordens Plads
3;143 m²;23.500  kr.;København S, Ørestads Boulevard
1;43 m²;8.800  kr.;Brøndby, Brøndbyøster Boulevard
2;85 m²;13.100  kr.;Vallensbæk Strand, Vallensbæk Stationstorv
1;37 m²;8.600  kr.;Frederiksberg, Nordens Plads
2;58 m²;9.900  kr.;Hedehusene, Stendraget
4;92 m²;11.900  kr.;Hedehusene, Svanegade
4;137 m²;25.000  kr.;Dyssegård, Dyssegårdsvej
3;90 m²;14.700  kr.;Rødovre, Blomsterstræde
3;89 m²;14.450  kr.;Søborg, Rosendal
4;100 m²;18.550  kr.;København S, Strandlodsvej
3;72 m²;13.500  kr.;Søborg, Gyngemose Parkvej
3;83 m²;12.200  kr.;Taastrup, Bornholms Alle
3;69 m²;12.000  kr.;København S, Østrigsgade
2;59 m²;13.500  kr.;København S, Martha Christensens Vej
1;36 m²;7.350  kr.;Valby, Torveporten
3;94 m²;13.500  kr.;Ballerup, Rolighedsvej
1;44 m²;10.950  kr.;Vanløse, Vanløse Torv
1;41 m²;10.850  kr.;Vanløse, Vanløse Torv
4;142 m²;23.500  kr.;Frederiksberg, C.F. Richsvej
3;70 m²;13.900  kr.;København S, Else Alfelts Vej
4;99 m²;16.900  kr.;København K, Margretheholmsvej
4;92 m²;16.900  kr.;København K, Margretheholmsvej
3;80 m²;15.400  kr.;København S, Emma Gads Vej
3;102 m²;19.500  kr.;København S, Tom Kristensens Vej
2;88 m²;15.800  kr.;Hellerup, Strandvejen
4;107 m²;15.100  kr.;København S, Else Alfelts Vej
4;108 m²;13.995  kr.;Vallensbæk Strand, Vejlesvinget
4;90 m²;14.700  kr.;Herlev, Herlev Ringvej
3;90 m²;15.800  kr.;København SV, Pladehals Allé
1;44 m²;9.900  kr.;Ballerup, Baltorpstræde
2;68 m²;14.450  kr.;København S, Lindgreens Allé
1;40 m²;10.000  kr.;Rødovre, Rødager Alle
1;16 m²;10.640  kr.;København K, Toldbodgade
1;10 m²;4.000  kr.;Albertslund, Porsager
1;24 m²;5.600  kr.;Frederiksberg, Ahornskellet
4;138 m²;23.950  kr.;København V, Anker Heegaards Gade
4;118 m²;17.300  kr.;Vallensbæk, Gulkløvervænget
1;37 m²;8.700  kr.;Frederiksberg, Nordens Plads
1;38 m²;8.300  kr.;Vanløse, Katrinedalsvej
3;107 m²;21.800  kr.;København V, Anker Heegaards Gade
1;36 m²;8.900  kr.;København NV, Lærkevej
2;52 m²;9.500  kr.;Brøndby, Bygaden
5;140 m²;27.500  kr.;Hellerup, Frederikkevej
1;10 m²;5.000  kr.;København Ø, Edvard Griegs Gade
3;81 m²;9.500  kr.;Glostrup, Emilsvej
4;103 m²;15.600  kr.;Herlev, Herlev Torv
5;185 m²;36.995  kr.;København V, Bohrsgade
1;20 m²;8.000  kr.;København N, Møllegade
2;45 m²;11.000  kr.;København S, Birketinget
2;57 m²;12.200  kr.;København S, Else Alfelts Vej
1;16 m²;6.500  kr.;Hellerup, Strandvejen
3;87 m²;15.900  kr.;København SV, Linus Paulings Vej
5;135 m²;29.500  kr.;København SV, Linus Paulings Vej
2;74 m²;10.295  kr.;Brøndby, Kirkebjerg Parkvej
2;70 m²;10.130  kr.;Brøndby, Kirkebjerg Parkvej
3;110 m²;14.995  kr.;Vallensbæk Strand, Vejlesvinget
4;111 m²;15.000  kr.;Rødovre, Kaffevej
2;83 m²;17.000  kr.;København V, Lagergade
2;53 m²;14.200  kr.;København S, Yderlandsvej
1;23 m²;7.500  kr.;Frederiksberg, C.F. Richs Vej
4;98 m²;15.100  kr.;København S, Hannemanns Allé
2;79 m²;12.000  kr.;København S, Kongedybet
3;140 m²;25.900  kr.;København K, Læderstræde
4;95 m²;14.500  kr.;Herlev, Hørkær
4;210 m²;41.400  kr.;København Ø, Stavangergade
3;115 m²;24.900  kr.;København K, Niels Hemmingsens Gade
2;80 m²;11.895  kr.;Hedehusene, Sejlbjerg Alle
2;73 m²;14.845  kr.;Kongens Lyngby, Skovbrynet
4;106 m²;17.995  kr.;Frederiksberg, Frederik VI´s Alle
2;57 m²;11.600  kr.;Herlev, Hørkær
4;79 m²;14.200  kr.;Herlev, Hørkær
2;65 m²;13.500  kr.;København Ø, Bomhusvej
3;80 m²;12.450  kr.;Hedehusene, Havtornvej
6;169 m²;32.200  kr.;Hellerup, Rygårds Allé
4;124 m²;17.300  kr.;Vallensbæk, Grønkløvervænget
4;124 m²;17.300  kr.;Vallensbæk, Grønkløvervænget
2;49 m²;9.800  kr.;Glostrup, Dalvangsvej
3;103 m²;21.500  kr.;København V, Halmtorvet
4;95 m²;16.500  kr.;København S, Cedergangen
1;38 m²;7.300  kr.;Valby, Følager
1;38 m²;7.400  kr.;Valby, Følager
1;18 m²;5.500  kr.;København Ø, Kastelsvej
4;201 m²;27.000  kr.;Charlottenlund, Enighedsvej
3;75 m²;17.500  kr.;København K, Magstræde
4;102 m²;12.500  kr.;Taastrup, Høje Taastrup Boulevard
2;60 m²;10.000  kr.;Hvidovre, Rebæk Alle
1;16 m²;4.100  kr.;Vanløse, Clausholmvej
1;16 m²;4.500  kr.;København Ø, Strandboulevarden
1;12 m²;4.000  kr.;Taastrup, Parkvej
2;83 m²;11.750  kr.;Hedehusene, Hedesøvej
1;8 m²;3.600  kr.;Virum, Bakketoppen
1;13 m²;5.000  kr.;Glostrup, Kildeholm
5;138 m²;28.000  kr.;København N, Griffenfeldsgade
3;69 m²;10.400  kr.;Hedehusene, Cikoriegade
3;137 m²;29.500  kr.;København S, Amager Strandvej
3;80 m²;13.000  kr.;København NV, Gråspurvevej
1;12 m²;10.341  kr.;København K, Dronningensgade
6;198 m²;24.750  kr.;København K, Fortunstræde
1;28 m²;8.500  kr.;Valby, Ålholmvej
4;165 m²;29.900  kr.;København V, Bag Elefanterne
1;34 m²;7.850  kr.;Søborg, Gyngemose Parkvej
4;96 m²;13.500  kr.;Glostrup, Grankoglen
2;70 m²;14.500  kr.;København S, Else Alfelts Vej
4;103 m²;12.750  kr.;Hedehusene, Havtornvej
1;20 m²;6.200  kr.;Frederiksberg, Nordre Fasanvej
2;60 m²;9.200  kr.;Brøndby Strand, Brøndby Strand Centrum
5;199 m²;28.000  kr.;Bagsværd, Haspegårdsvej
1;12 m²;4.400  kr.;København S, Under Elmene
2;37 m²;14.000  kr.;København K, Sankt Gertruds Stræde
1;41 m²;8.995  kr.;Glostrup, Murervangen
4;86 m²;10.800  kr.;Hedehusene, Bækgårdsvej
1;46 m²;8.000  kr.;Søborg, Tinghøjvej
1;10 m²;8.832  kr.;København N, Nørrebrogade
3;79 m²;15.900  kr.;Valby, Jernæblevej
2;57 m²;10.700  kr.;Herlev, Hørkær
3;110 m²;15.000  kr.;København V, Flensborggade
4;80 m²;13.400  kr.;Herlev, Hørkær
2;73 m²;11.575  kr.;Rødovre, Irmavej
3;69 m²;12.995  kr.;København S, Else Alfelts Vej
3;91 m²;15.242  kr.;København S, Robert Jacobsens Vej
2;60 m²;11.100  kr.;Herlev, Hørkær
1;44 m²;10.600  kr.;Valby, Søndre Fasanvej
3;103 m²;18.000  kr.;København S, Islands Brygge
3;84 m²;12.100  kr.;Taastrup, Jens Kofoeds Gade
3;130 m²;18.995  kr.;København NV, Rentemestervej
5;122 m²;20.500  kr.;København S, Strandlodsvej
1;44 m²;9.500  kr.;København S, Kongelundsvej
4;109 m²;22.800  kr.;Frederiksberg, Nimbusparken
4;94 m²;12.900  kr.;Hedehusene, Dræsinen
1;35 m²;9.000  kr.;København S, Geislersgade
2;70 m²;9.300  kr.;Taastrup, Hammeren
6;227 m²;30.000  kr.;Gentofte, Adolphsvej
2;71 m²;18.000  kr.;Gentofte, Ved Bommen
3;109 m²;17.000  kr.;København S, Axel Heides Gade
3;82 m²;11.800  kr.;Ishøj, Spættevangen
3;130 m²;27.500  kr.;København K, Bryghuspladsen
5;175 m²;28.400  kr.;København Ø, Østerbrogade
3;79 m²;11.900  kr.;Ishøj, Spættevangen
1;32 m²;8.650  kr.;København SV, Viola Nørløvs Gade
5;159 m²;33.450  kr.;København K, Herluf Trolles Gade
1;31 m²;8.700  kr.;København SV, Viola Nørløvs Gade
1;31 m²;9.550  kr.;København SV, Henriette Crones Gade
1;32 m²;9.350  kr.;København SV, Henriette Crones Gade
4;114 m²;13.550  kr.;Hedehusene, Kongelysvej,
3;91 m²;12.200  kr.;Rødovre, Roskildevej
6;182 m²;16.000  kr.;København N, Nørrebrogade
4;101 m²;22.900  kr.;Frederiksberg, Kong Georgs Vej
1;33 m²;10.200  kr.;København V, Dybbølsbro
1;33 m²;9.700  kr.;København V, Dybbølsbro
1;33 m²;10.400  kr.;København V, Dybbølsbro
1;33 m²;10.900  kr.;København V, Dybbølsbro
1;36 m²;8.295  kr.;Vanløse, Godthåbsvej
1;35 m²;8.295  kr.;Vanløse, Godthåbsvej
1;35 m²;8.295  kr.;Vanløse, Godthåbsvej
2;77 m²;19.000  kr.;København S, Islands Brygge
4;146 m²;25.995  kr.;Charlottenlund, Ordruphøjvej
4;89 m²;14.700  kr.;København S, Gertrude Steins Vej
3;97 m²;11.900  kr.;Albertslund, Nordmarks Alle
2;58 m²;9.000  kr.;Taastrup, Brinchs Have
4;103 m²;18.200  kr.;Valby, Carl Jacobsens Vej
5;133 m²;24.900  kr.;Klampenborg, Damgårdsvej
1;12 m²;7.710  kr.;København S, Strandlodsvej
1;9 m²;8.416  kr.;København SV, Etta Camerons Vej
3;75 m²;12.000  kr.;Skovlunde, Lundemarken
1;20 m²;4.000  kr.;Vanløse, Bratskovvej
3;69 m²;14.600  kr.;København S, Gertrude Steins Vej
1;10 m²;5.500  kr.;København K, Hauser Plads
6;286 m²;45.500  kr.;København K, Store Kongensgade
1;18 m²;7.000  kr.;København Ø, Trianglen
3;90 m²;16.800  kr.;Valby, Trekronergade
4;148 m²;25.800  kr.;Charlottenlund, Bernstorffsvej
2;82 m²;16.995  kr.;Hellerup, Lille Strandvej
3;91 m²;12.990  kr.;Herlev, Lyskær
2;85 m²;12.200  kr.;Herlev, Lyskær
3;117 m²;20.000  kr.;København K, Knabrostræde
3;103 m²;18.400  kr.;København Ø, Marmorvej
1;12 m²;4.700  kr.;København NV, Lille Theklavej
4;70 m²;14.490  kr.;Rødovre, Bjerringbrovej
2;74 m²;10.485  kr.;Brøndby, Kirkebjerg Parkvej
4;96 m²;13.300  kr.;Brøndby, Elementfabrikken
2;60 m²;7.921  kr.;Gentofte, Fuglegårdsvænget
2;60 m²;10.975  kr.;Brøndby, Elektronikvej
3;73 m²;11.900  kr.;Glostrup, Baneleddet
3;84 m²;12.150  kr.;Brøndby, Elementfabrikken
2;92 m²;12.500  kr.;Charlottenlund, Bernstorffsvej
3;145 m²;24.565  kr.;Frederiksberg C, Carit Etlars Vej
3;56 m²;14.500  kr.;København V, Olivia Hansens Gade
3;61 m²;15.600  kr.;København V, Olivia Hansens Gade
3;97 m²;20.900  kr.;København SV, Willy Brandts Vej
1;54 m²;11.500  kr.;København NV, Smedetoften
1;45 m²;10.800  kr.;Valby, Søndre Fasanvej
4;98 m²;15.800  kr.;Søborg, Gyngemose Parkvej
6;130 m²;35.000  kr.;København K, Gernersgade
3;105 m²;15.200  kr.;Rødovre, Irmavej
4;79 m²;13.700  kr.;Herlev, Hørkær
3;85 m²;12.400  kr.;Taastrup, Saksen D
4;98 m²;13.800  kr.;Gentofte, Jægersborgvej
1;10 m²;7.000  kr.;København SV, Alliancevej
1;9 m²;5.500  kr.;Gentofte, Lyngbyvej
1;10 m²;5.300  kr.;Søborg, Søborg Hovedgade
2;55 m²;12.000  kr.;Kongens Lyngby, Hollandsvej
3;102 m²;13.700  kr.;Vallensbæk Strand, Amalieparken
4;63 m²;16.000  kr.;København V, Olivia Hansens Gade
3;61 m²;15.600  kr.;København V, Olivia Hansens Gade
2;56 m²;15.000  kr.;København V, Olivia Hansens Gade
3;56 m²;14.600  kr.;København V, Olivia Hansens Gade
3;61 m²;15.700  kr.;København V, Olivia Hansens Gade
3;56 m²;14.500  kr.;København V, Olivia Hansens Gade
3;56 m²;14.500  kr.;København V, Olivia Hansens Gade
3;61 m²;15.500  kr.;København V, Olivia Hansens Gade
3;56 m²;14.500  kr.;København V, Olivia Hansens Gade
3;56 m²;14.500  kr.;København V, Olivia Hansens Gade
3;56 m²;14.500  kr.;København V, Olivia Hansens Gade
1;20 m²;5.000  kr.;København N, Hillerødgade
4;139 m²;20.000  kr.;Kongens Lyngby, Ingvar Nørgaards Vej
1;13 m²;5.800  kr.;Valby, Toftegårds Allé
1;25 m²;6.000  kr.;Frederiksberg C, Lykkesholms Allé
4;117 m²;11.800  kr.;Ishøj, Granlunden
2;52 m²;11.500  kr.;København S, Grækenlandsvej
1;14 m²;4.000  kr.;Ballerup, Ellegårdsvej
1;18 m²;5.900  kr.;København Ø, Classensgade
1;10 m²;5.900  kr.;København S, Øresundsvej
3;90 m²;11.500  kr.;Dragør, Ndr Dragørvej
2;92 m²;12.500  kr.;Charlottenlund, Bernstorffsvej
1;12 m²;5.000  kr.;København S, Korfuvej
1;25 m²;6.500  kr.;Valby, Ulriksdalvej
2;60 m²;8.500  kr.;Søborg, Buddingevej
3;120 m²;17.000  kr.;København K, Dronningensgade
1;25 m²;7.600  kr.;Vanløse, Jernbane Allé
2;55 m²;11.600  kr.;Brønshøj, Gadelandet
4;102 m²;14.200  kr.;Brønshøj, Tingbjerg Ås
5;116 m²;15.200  kr.;Brønshøj, Tingbjerg Ås
2;51 m²;9.800  kr.;Brønshøj, Tingbjerg Ås
3;80 m²;11.900  kr.;Brøndby, Baneleddet
1;25 m²;6.500  kr.;Brønshøj, Hvalsøvej
4;130 m²;28.000  kr.;København S, Islands Brygge
2;80 m²;13.300  kr.;København NV, Gråspurvevej
3;80 m²;18.000  kr.;København N, Meinungsgade
6;189 m²;17.000  kr.;København K, Valkendorfsgade
2;96 m²;19.800  kr.;København S, Rundholtsvej
2;52 m²;12.500  kr.;København S, Emma Gads Vej
4;99 m²;13.750  kr.;Rødovre, Irmavej
3;76 m²;16.300  kr.;København S, Yderlandsvej
2;55 m²;13.800  kr.;København S, Yderlandsvej
1;38 m²;7.300  kr.;Valby, Følager
2;75 m²;15.950  kr.;København V, Lagergade
4;97 m²;18.800  kr.;København S, Faste Batteri Vej
1;12 m²;5.500  kr.;Kongens Lyngby, Ulrikkenborg Plads
3;87 m²;12.900  kr.;Søborg, Gyngemose Parkvej
7;284 m²;38.500  kr.;København V, H.C. Andersens Boulevard
4;116 m²;22.300  kr.;Charlottenlund, Hans Edvard Teglers Vej
2;70 m²;10.900  kr.;Glostrup, Murervangen
1;36 m²;8.000  kr.;Valby, Elstarvej
3;102 m²;26.000  kr.;København SV, Georg Marshalls Vej
3;73 m²;11.800  kr.;Glostrup, Baneleddet
3;95 m²;14.450  kr.;Søborg, Rosendal
5;121 m²;23.000  kr.;Søborg, Marienborg Alle
1;25 m²;6.750  kr.;Bagsværd, Aldershvilevej
4;133 m²;19.000  kr.;København S, Amagerfælledvej
6;179 m²;24.800  kr.;Værløse, Munkevej
3;112 m²;19.900  kr.;København Ø, Pakhusvej
1;38 m²;7.300  kr.;Valby, Følager
3;87 m²;17.200  kr.;København S, Faste Batteri Vej
3;112 m²;13.800  kr.;Rødovre, Roskildevej
5;146 m²;19.300  kr.;København S, Ørestads Boulevard
3;79 m²;12.050  kr.;Brøndby, Mudillesvej
2;109 m²;20.250  kr.;København S, Islands Brygge
2;68 m²;11.000  kr.;Taastrup, Jens Kofoeds Gade
1;33 m²;11.000  kr.;København V, Dybbølsbro
4;112 m²;18.295  kr.;Værløse, Æblehaven
1;33 m²;10.200  kr.;København V, Dybbølsbro
1;41 m²;8.450  kr.;København NV, Dortheavej
4;124 m²;15.810  kr.;Brøndby, Mekanikvej
1;25 m²;6.500  kr.;Frederiksberg, C.F. Richs Vej
3;90 m²;14.300  kr.;Rødovre, Blomsterstræde
2;51 m²;11.800  kr.;København N, Tagensvej
3;76 m²;14.250  kr.;København S, Else Alfelts Vej
3;98 m²;13.795  kr.;Hedehusene, Hedesøvej
2;68 m²;11.200  kr.;Taastrup, Jens Kofoeds Gade
1;12 m²;5.500  kr.;Gentofte, Tværbommen
1;33 m²;7.854  kr.;København NV, Theklavej
4;135 m²;24.200  kr.;København Ø, Borgm. Jensens Allé
3;82 m²;17.500  kr.;København Ø, Serridslevvej
1;11 m²;4.536  kr.;København S, Maltagade
3;110 m²;27.500  kr.;København K, Store Regnegade
3;91 m²;13.595  kr.;Hedehusene, Hedesøvej
3;106 m²;15.000  kr.;Vanløse, Jyllingevej
2;60 m²;10.600  kr.;Brøndby, Mudillesvej
2;68 m²;10.850  kr.;Brøndby, Mudillesvej
3;82 m²;11.950  kr.;Brøndby, Kirkebjerg Søpark
2;85 m²;15.000  kr.;København V, Sommerstedgade
1;30 m²;6.900  kr.;Hvidovre, Nymarksvej
3;90 m²;10.500  kr.;København S, Lyongade
1;15 m²;5.000  kr.;Hvidovre, Gammel Køge Landevej
1;46 m²;10.464  kr.;Kongens Lyngby, Skovbrynet
3;115 m²;16.283  kr.;Søborg, Maglegårds Alle
3;99 m²;13.000  kr.;Taastrup, Lindehaven
2;72 m²;10.700  kr.;Hedehusene, Frøstjernestræde
3;81 m²;12.800  kr.;Herlev, Lyskær
1;18 m²;3.900  kr.;Ballerup, Vestbuen
4;141 m²;30.900  kr.;Hellerup, Tuborg Bakkedrag
4;145 m²;33.950  kr.;Hellerup, Tuborg Bakkedrag
2;76 m²;10.608  kr.;Kongens Lyngby, Ved Smedebakken
1;12 m²;6.500  kr.;København Ø, Studsgaardsgade
4;179 m²;22.378  kr.;København K, Nyhavn
4;145 m²;34.000  kr.;Hellerup, Tuborg Bakkedrag
1;31 m²;8.685  kr.;København NV, Bispevej
6;253 m²;59.000  kr.;København Ø, Trondhjemsgade
3;124 m²;19.586  kr.;Hellerup, Svanemøllevej
5;276 m²;45.950  kr.;Hellerup, På Højden
1;29 m²;4.800  kr.;Taastrup, Nyhøjsvej
4;112 m²;18.000  kr.;Brøndby, Hedegrænsen
6;260 m²;41.500  kr.;Frederiksberg C, Nyvej
3;82 m²;11.900  kr.;Brøndby, Brøndbyvestervej
2;61 m²;15.000  kr.;København V, Ny Carlsberg Vej
1;25 m²;6.500  kr.;Kongens Lyngby, Hvidegårdsparken
4;144 m²;19.900  kr.;Hedehusene, Hedesøvej
4;96 m²;14.500  kr.;Vallensbæk Strand, Rosenfeldtvej
4;105 m²;16.900  kr.;Bagsværd, Klausdalsbrovej
1;37 m²;7.300  kr.;Bagsværd, Aldershvilevej
2;98 m²;22.000  kr.;København K, Toldbodgade
1;34 m²;9.500  kr.;København S, Irlandsvej
1;38 m²;6.950  kr.;Valby, Følager
2;36 m²;15.000  kr.;Frederiksberg, Femte juni plads
1;29 m²;5.650  kr.;København NV, Rabarbervej
1;17 m²;5.900  kr.;København Ø, Masnedøgade
4;117 m²;16.000  kr.;Glostrup, Edithsvej
3;92 m²;21.800  kr.;Nordhavn, Göteborg Plads
3;95 m²;10.800  kr.;Brønshøj, Degnemose Allé
3;82 m²;11.600  kr.;Brøndby, Mekanikvej
4;92 m²;17.000  kr.;København K, Margretheholmsvej
1;32 m²;8.950  kr.;Brønshøj, Hyrdevangen
3;83 m²;14.248  kr.;København S, Else Alfelts Vej
3;73 m²;12.000  kr.;Brøndby, Mekanikvej
4;80 m²;13.500  kr.;Herlev, Hørkær
1;25 m²;6.500  kr.;Frederiksberg, Pelargonievej
2;53 m²;14.000  kr.;København S, Yderlandsvej
5;167 m²;18.900  kr.;Dragør, Alkmaar Alle
1;24 m²;6.000  kr.;Frederiksberg, Ved Lindevangen
1;22 m²;6.000  kr.;Frederiksberg, Borgmester Fischers Vej
4;147 m²;30.542  kr.;København SV, Jane Addams Vej
4;100 m²;13.600  kr.;Taastrup, Spotorno Alle
3;118 m²;26.800  kr.;København V, Lagergade
4;105 m²;12.600  kr.;Hedehusene, Svanegade
1;38 m²;8.950  kr.;København S, Ørestads Boulevard
4;107 m²;17.500  kr.;København S, Martha Christensens Vej
4;121 m²;29.500  kr.;København K, Vendersgade
4;99 m²;13.900  kr.;Brøndby, Mudillesvej
4;89 m²;14.100  kr.;Herlev, Hørkær
4;78 m²;13.900  kr.;Herlev, Hørkær
4;94 m²;16.600  kr.;København K, Margretheholmsvej
4;139 m²;20.400  kr.;København K, Margretheholmsvej
4;93 m²;17.000  kr.;København K, Margretheholmsvej
3;90 m²;17.200  kr.;København S, Amager Strandvej
6;184 m²;20.700  kr.;Frederiksberg C, Harsdorffsvej
1;10 m²;3.400  kr.;Hvidovre, Gammel Køge Landevej
1;18 m²;8.300  kr.;Frederiksberg C, Mynstersvej
1;10 m²;9.352  kr.;Frederiksberg, Godthåbsvej
1;13 m²;5.500  kr.;København N, Søllerødgade
1;22 m²;11.626  kr.;København Ø, Livjægergade
2;56 m²;14.500  kr.;København NV, Rebslagervej
4;96 m²;18.900  kr.;København NV, Rebslagervej
1;46 m²;9.900  kr.;København Ø, Svendborggade
4;195 m²;34.000  kr.;Hellerup, Onsgårdsvej
6;127 m²;24.700  kr.;København V, Bag Elefanterne
1;13 m²;5.000  kr.;Rødovre, Rødovrevej
1;37 m²;8.700  kr.;København NV, Lærkevej
3;83 m²;12.100  kr.;Glostrup, Baneleddet
4;100 m²;13.600  kr.;Glostrup, Baneleddet
4;109 m²;15.100  kr.;Glostrup, Banehavestien
4;109 m²;15.100  kr.;Glostrup, Banehavestien
4;99 m²;14.000  kr.;Brøndby, Baneleddet
4;112 m²;17.995  kr.;København SV, Vestre Teglgade
1;11 m²;7.000  kr.;København Ø, Upsalagade
1;25 m²;5.900  kr.;Frederiksberg C, Åboulevard
1;12 m²;3.900  kr.;Holte, Gammel Holtevej
3;86 m²;17.995  kr.;København V, Halmtorvet
3;173 m²;30.000  kr.;Kongens Lyngby, Langs Hegnet
1;34 m²;7.150  kr.;København S, Else Alfelts Vej
1;10 m²;6.000  kr.;København S, Amagerfælledvej
1;7 m²;2.800  kr.;Kongens Lyngby, Rævehøjparken
4;92 m²;13.200  kr.;Skovlunde, Torvestrædet
2;73 m²;11.600  kr.;Hedehusene, Sejlbjerg Alle
4;128 m²;23.000  kr.;København Ø, Amerika Plads
2;40 m²;10.000  kr.;Vedbæk, Olgasvej
4;121 m²;24.995  kr.;Frederiksberg C, Martinsvej
4;87 m²;19.200  kr.;Kastrup, Skovmarken
2;60 m²;10.500  kr.;Hedehusene, Sporstræde
3;81 m²;11.500  kr.;Hedehusene, Sporstræde
4;97 m²;15.200  kr.;Herlev, Hørkær
1;18 m²;5.100  kr.;Vanløse, Vanløse Allé
1;14 m²;4.200  kr.;Vanløse, Jyllingevej
2;63 m²;12.600  kr.;København S, Nadine Gordimers Vej
4;109 m²;14.200  kr.;Vallensbæk Strand, Vejlesvinget
1;22 m²;3.800  kr.;Kastrup, Skovmarken
1;37 m²;8.700  kr.;Frederiksberg, Nordens Plads
4;109 m²;13.595  kr.;Ballerup, Postgrunden
1;20 m²;4.900  kr.;Søborg, Toftekærsvej
5;144 m²;29.500  kr.;København V, Ny Carlsbergvej
3;82 m²;19.000  kr.;København V, Fadet
3;95 m²;15.750  kr.;København S, Michael Strunges Vej
3;93 m²;26.000  kr.;Frederiksberg C, Sveasvej
4;98 m²;13.600  kr.;Glostrup, Baneleddet
3;83 m²;12.200  kr.;Glostrup, Baneleddet
3;79 m²;12.200  kr.;Glostrup, Baneleddet
3;102 m²;9.900  kr.;Smørum, Ledøjetoften
2;61 m²;15.500  kr.;København V, Ny Carlsberg Vej
6;140 m²;22.456  kr.;København K, Rådhusstræde
3;89 m²;14.550  kr.;Rødovre, Kaffevej
4;124 m²;22.000  kr.;Nærum, Haugesundvej
1;37 m²;8.700  kr.;Frederiksberg, Nordens Plads
3;78 m²;11.200  kr.;Taastrup, Falsterbogade
5;158 m²;23.300  kr.;København S, Parmagade
2;110 m²;19.500  kr.;Hellerup, Heslegårdsvej
3;95 m²;16.300  kr.;Valby, Gammel Køge Landevej
3;84 m²;16.500  kr.;Vanløse, Kongsdalvej
1;34 m²;8.400  kr.;København S, Englandsvej
3;121 m²;17.700  kr.;Valby, Gammel Køge Landevej
2;64 m²;10.350  kr.;Hedehusene, Skolebakken
4;92 m²;15.900  kr.;København S, Else Alfelts Vej
4;101 m²;15.150  kr.;København S, Robert Jacobsens Vej
2;59 m²;14.250  kr.;Gentofte, Skrænten
2;53 m²;13.900  kr.;København S, Yderlandsvej
5;155 m²;22.000  kr.;Vedbæk, Ralphs Vænge
3;69 m²;11.950  kr.;Skovlunde, Ballerup Boulevard
1;35 m²;6.000  kr.;Brønshøj, Frederikssundsvej
3;136 m²;19.500  kr.;København V, Abel Cathrines Gade
3;112 m²;22.900  kr.;København V, Viktoriagade
2;53 m²;13.500  kr.;København S, Yderlandsvej
3;76 m²;15.900  kr.;København S, Yderlandsvej
2;98 m²;15.250  kr.;København S, Strandlodsvej
5;172 m²;35.000  kr.;Charlottenlund, Henrik Hertz Vej
4;114 m²;14.300  kr.;Ballerup, Rolighedsvej
2;65 m²;11.100  kr.;Ballerup, Rolighedsvej
1;44 m²;10.900  kr.;Vanløse, Vanløse Torv
2;73 m²;12.700  kr.;København S, Robert Jacobsens Vej
2;57 m²;12.600  kr.;København S, Halldór Laxness Vej
4;136 m²;18.405  kr.;Gentofte, Lyngbyvej
4;123 m²;15.900  kr.;Brøndby, Mekanikvej
4;121 m²;15.400  kr.;Søborg, Gladsaxevej
3;100 m²;18.700  kr.;København S, Artillerivej
1;15 m²;3.550  kr.;Vanløse, Vanløse Byvej
1;75 m²;11.000  kr.;København N, Elmegade
3;106 m²;19.900  kr.;København S, Amager Strandvej
1;35 m²;8.350  kr.;København SV, Poppelstykket
4;150 m²;24.500  kr.;Klampenborg, Strandvejen
4;184 m²;40.000  kr.;Charlottenlund, Forårsvej
4;107 m²;18.300  kr.;Valby, Elstarvej
1;28 m²;4.800  kr.;København S, Vestermarksvej
1;28 m²;5.500  kr.;København S, Vestermarksvej
2;51 m²;9.950  kr.;Brønshøj, Hyrdevangen
2;50 m²;10.000  kr.;Rødovre, Rødovre Parkvej
3;76 m²;12.200  kr.;Brøndby, Mekanikvej
4;113 m²;13.400  kr.;Glostrup, Østbrovej
2;50 m²;14.000  kr.;København Ø, Ved Vænget
3;93 m²;16.500  kr.;Valby, Ingrid Marievej
3;109 m²;22.500  kr.;Hellerup, Esthersvej
3;86 m²;12.900  kr.;Glostrup, Sydvestvej
2;69 m²;10.333  kr.;Brøndby, Kirkebjerg Parkvej
1;20 m²;6.000  kr.;Glostrup, Sofielundsvej
4;148 m²;35.000  kr.;Klampenborg, Strandvejen
3;103 m²;20.000  kr.;København S, C.F. Møllers Allé
3;66 m²;9.680  kr.;Rødovre, Roskildevej
1;53 m²;14.000  kr.;København V, Godsbanegade
3;110 m²;19.500  kr.;København N, Husumgade
3;96 m²;14.400  kr.;Rødovre, Blomsterstræde
4;109 m²;14.500  kr.;Hedehusene, Blåfuglestræde
4;112 m²;20.000  kr.;Hellerup, Phistersvej
4;106 m²;21.200  kr.;København S, Amager Strandvej
4;120 m²;18.500  kr.;København S, Amager Strandvej
5;214 m²;33.438  kr.;København K, Amaliegade
1;10 m²;4.000  kr.;Vanløse, Jyllingevej
1;8 m²;5.900  kr.;København S, Else Alfelts Vej
1;40 m²;8.800  kr.;Charlottenlund, Schioldannsvej
1;10 m²;6.500  kr.;Valby, Ebbe Rodes Allé
1;40 m²;8.650  kr.;København SV, Poppelstykket
3;90 m²;14.700  kr.;Måløv, Bækholmen
3;79 m²;12.500  kr.;Rødovre, Tårnvej
3;110 m²;25.000  kr.;Frederiksberg C, Alhambravej
1;26 m²;11.153  kr.;København Ø, Østerbrogade
5;131 m²;20.000  kr.;København K, Margretheholmsvej
1;26 m²;6.700  kr.;Brøndby, Brøndbyøster Boulevard
1;25 m²;5.900  kr.;Brøndby, Brøndbyøster Boulevard
4;93 m²;15.250  kr.;Rødovre, Korsdalsvej
3;93 m²;17.829  kr.;Charlottenlund, Lindegårdsvej
1;33 m²;10.700  kr.;København V, Dybbølsbro
1;15 m²;5.000  kr.;Nærum, Rundforbiparken
1;22 m²;3.000  kr.;Kongens Lyngby, Møllevænget
1;37 m²;8.600  kr.;Frederiksberg, Nordens Plads
1;18 m²;11.584  kr.;København K, Pilestræde
1;20 m²;5.000  kr.;Hvidovre, Strandlyst Alle
1;32 m²;7.935  kr.;København NV, Theklavej
1;23 m²;12.845  kr.;København Ø, Livjægergade
3;104 m²;9.100  kr.;Hvidovre, Bymuren
5;108 m²;16.200  kr.;Vallensbæk Strand, Strandhaven
4;130 m²;28.000  kr.;Charlottenlund, Kollegievej
1;10 m²;6.000  kr.;Frederiksberg, Smallegade
5;111 m²;19.950  kr.;København NV, Drejervej
1;20 m²;6.000  kr.;København S, Korfuvej
3;70 m²;14.000  kr.;København S, Else Alfelts Vej
1;15 m²;4.000  kr.;Albertslund, Kærgården
1;18 m²;12.493  kr.;København V, Otto Mønsteds Gade
2;50 m²;11.400  kr.;København S, Else Alfelts Vej
3;93 m²;13.200  kr.;Smørum, Pilekær
3;77 m²;11.700  kr.;Glostrup, Malervangen
2;56 m²;11.500  kr.;Glostrup, Malervangen
1;10 m²;9.821  kr.;København Ø, Classensgade
5;94 m²;23.000  kr.;Gentofte, Ridebanevang
1;37 m²;8.600  kr.;København S, Peder Lykkes Vej
4;110 m²;18.300  kr.;København S, Parmagade
3;109 m²;22.500  kr.;København SV, Ved Stigbordene
4;93 m²;16.900  kr.;København K, Margretheholmsvej
3;71 m²;14.100  kr.;København S, Else Alfelts Vej
4;115 m²;20.950  kr.;København S, Lergravsvej
1;29 m²;8.350  kr.;Frederiksberg, Finsensvej
4;119 m²;9.900  kr.;Gentofte, Kongelysvej
1;13 m²;10.652  kr.;København K, Købmagergade
3;98 m²;12.695  kr.;Hedehusene, Hedesøvej
1;12 m²;5.500  kr.;København K, Sofiegade
4;160 m²;19.000  kr.;Dragør, Ndr Strandvej
1;13 m²;4.500  kr.;Søborg, Jonas Lies Vej
5;169 m²;31.000  kr.;København K, Overgaden Neden Vandet
4;89 m²;16.200  kr.;København S, Cypernsvej
3;89 m²;15.500  kr.;København S, Cypernsvej
1;10 m²;5.500  kr.;Kongens Lyngby, Eremitageparken
2;126 m²;17.800  kr.;København K, Vimmelskaftet
1;25 m²;13.008  kr.;København Ø, Østerbrogade
1;12 m²;3.800  kr.;København S, Hf. Elmebo
5;130 m²;25.000  kr.;København Ø, Rosenvængets Allé
1;9 m²;9.617  kr.;København K, Margretheholmsvej
4;128 m²;26.150  kr.;København V, Ny Carlsberg Vej
1;13 m²;5.900  kr.;Søborg, Kvikmarken
1;36 m²;8.000  kr.;Taastrup, Brinchs Have
1;39 m²;5.800  kr.;København NV, Rønnebærvej
1;20 m²;10.563  kr.;København N, Jagtvej
2;98 m²;16.052  kr.;Kongens Lyngby, Skovbrynet
1;8 m²;8.388  kr.;København SV, Otto Brandenburgs Vej
1;9 m²;4.500  kr.;Kongens Lyngby, Buddingevej
1;16 m²;3.750  kr.;Frederiksberg, Wilkensvej
1;13 m²;6.950  kr.;Nordhavn, Karlskronagade
1;10 m²;6.000  kr.;Valby, Ingrid Marievej
1;16 m²;5.200  kr.;Virum, Degnebakken
1;12 m²;5.500  kr.;Kastrup, Præstemarksvej
1;42 m²;9.500  kr.;København S, Birketinget
1;15 m²;5.000  kr.;København S, Dagøgade
1;12 m²;4.500  kr.;København K, Turesensgade
3;84 m²;11.760  kr.;Brøndby, Mekanikvej
4;97 m²;16.650  kr.;København S, Nadine Gordimers Vej
3;110 m²;13.520  kr.;Vallensbæk Strand, Rosenfeldtvej
7;269 m²;27.000  kr.;Hvidovre, Strandvangen
4;91 m²;13.300  kr.;Glostrup, Baneleddet
2;63 m²;10.600  kr.;Glostrup, Baneleddet
4;99 m²;13.500  kr.;Glostrup, Baneleddet
3;79 m²;12.200  kr.;Glostrup, Baneleddet
1;33 m²;10.800  kr.;København V, Dybbølsbro
2;53 m²;16.000  kr.;København V, Dybbølsbro
6;147 m²;22.000  kr.;Valby, Valby Langgade
4;109 m²;25.000  kr.;Nordhavn, Trelleborggade
4;101 m²;13.900  kr.;Brøndby, Mudillesvej
1;18 m²;11.935  kr.;Frederiksberg, Falkoner Alle
4;172 m²;28.500  kr.;Charlottenlund, Esperance Alle'
4;118 m²;15.500  kr.;Brøndby, Banehavestien
2;56 m²;11.750  kr.;Hvidovre, Strandmarksvej
1;9 m²;5.000  kr.;København S, Rodosvej
4;97 m²;14.200  kr.;København S, Asger Jorns Allé
3;77 m²;12.100  kr.;Brøndby, Mekanikvej
4;93 m²;16.900  kr.;København K, Margretheholmsvej
1;44 m²;10.800  kr.;Valby, Søndre Fasanvej
1;25 m²;10.000  kr.;København V, Matthæusgade
4;100 m²;16.500  kr.;København S, Else Alfelts Vej
5;132 m²;19.900  kr.;København S, Amager Boulevard
1;9 m²;5.900  kr.;København S, Maltagade
3;76 m²;16.950  kr.;Hellerup, Heslegårdsvej
3;73 m²;11.900  kr.;Glostrup, Baneleddet
4;100 m²;13.700  kr.;Glostrup, Baneleddet
1;26 m²;6.800  kr.;Brøndby, Brøndbyøster Boulevard
1;27 m²;6.300  kr.;Brøndby, Brøndbyøster Boulevard
1;26 m²;6.000  kr.;Brøndby, Brøndbyøster Boulevard
4;89 m²;16.400  kr.;Rødovre, Rødovre Port
1;25 m²;6.500  kr.;København S, Backersvej
1;16 m²;3.600  kr.;København S, Store Mølle Vej
1;23 m²;4.600  kr.;København S, Store Mølle Vej
1;10 m²;4.300  kr.;Taastrup, Murskeen
1;10 m²;6.200  kr.;København K, Rådhusstræde
4;96 m²;11.850  kr.;Hedehusene, Havtornvej
3;89 m²;16.900  kr.;København S, Faste Batteri Vej
2;49 m²;9.000  kr.;Albertslund, Topperne
1;10 m²;5.500  kr.;Glostrup, Højbovej
3;73 m²;11.000  kr.;Nærum, Rundforbivej
2;67 m²;11.100  kr.;Taastrup, Jens Kofoeds Gade
2;53 m²;10.500  kr.;København S, Else Alfelts Vej
4;154 m²;36.900  kr.;Hellerup, Tuborg Bakkedrag
4;158 m²;37.000  kr.;Hellerup, Tuborg Bakkedrag
3;91 m²;12.700  kr.;Hedehusene, Frøstjernestræde
3;180 m²;25.000  kr.;Frederiksberg, Johannes V. Jensens Alle
3;137 m²;19.000  kr.;Hellerup, Strandvejen
3;130 m²;19.000  kr.;Hellerup, Sankt Peders Vej
1;10 m²;5.650  kr.;Frederiksberg C, Vodroffsvej
1;24 m²;6.000  kr.;København K, Vingårdstræde
7;233 m²;45.000  kr.;København K, Sankt Annæ Plads
1;33 m²;9.500  kr.;København S, Irlandsvej
4;93 m²;16.600  kr.;København K, Margretheholmsvej
3;112 m²;25.000  kr.;København K, Kronprinsessegade
3;130 m²;23.000  kr.;København K, Nicolai Eigtveds Gade
1;9 m²;5.000  kr.;København S, Else Alfelts Vej
4;107 m²;16.500  kr.;Vallensbæk, Horsbred
4;114 m²;15.600  kr.;Brønshøj, Bygården
3;126 m²;22.500  kr.;København SV, Ved Stigborderne
2;82 m²;16.750  kr.;København Ø, Marmorvej
4;138 m²;22.500  kr.;København S, Else Alfelts Vej
1;32 m²;8.950  kr.;København S, Irlandsvej
1;41 m²;9.600  kr.;København S, Ulrik Birchs Allé
3;83 m²;10.500  kr.;Brøndby Strand, Brøndby Strand Centrum
1;34 m²;9.400  kr.;København S, Irlandsvej
1;41 m²;8.450  kr.;København NV, Dortheavej
3;125 m²;19.990  kr.;Bagsværd, Skovbrynet
3;84 m²;12.000  kr.;Brøndby, Kirkebjerg Søpark
11;334 m²;65.000  kr.;Hellerup, A N Hansens Alle
1;25 m²;6.000  kr.;Ishøj, Vejlebrovej
1;26 m²;5.200  kr.;København NV, Rabarbervej
4;89 m²;15.400  kr.;København S, Else Alfelts Vej
1;10 m²;6.000  kr.;Valby, Overskousvej
3;70 m²;10.000  kr.;Frederiksberg, Lyøvej
2;62 m²;11.000  kr.;Ballerup, Baltorpstræde
3;86 m²;12.990  kr.;Herlev, Lyskær
1;37 m²;8.600  kr.;Frederiksberg, Nordens Plads
1;86 m²;14.500  kr.;København Ø, Nyborggade
2;47 m²;12.500  kr.;Hvidovre, Hvidovrevej
1;9 m²;4.200  kr.;Kongens Lyngby, Tjørnevej
6;175 m²;35.000  kr.;København K, Landemærket
